Id,Area,COUNT,MIN,MAX,RANGE,MEAN,STD,SUM,volume,mean_depth,cat_area,dep2catR,Downstream,simu_depth,rain_inten,time_inund,rank,Shape_Leng,Shape_Area,Perimeter,Max_depth,depth_inde,MinBdAr,depConcav,LenLonAx,MBG_Width,MBG_Length,MBG_Orient,Circular,Compact,Elong
67,1493.00000032,1493,2004.5916748,2005.13232422,0.54064941406,2004.89883396,0.11660733599,2993313.95911,348.601,0.23349,45367,0.0329094,65,0.00768402,0.05,0.15368,289,482,1493,482,0.540649,0.0439577,10478.5350318,-3.17013,115.506,24.4638661096,115.069014846,91.8183029646,0.0807562,0.142482,4.70363
268,385.000000079,385,2276.98388672,2277.33349609,0.349609375,2277.13243012,0.08981470843,876695.985596,77.4104,0.201066,217369,0.00177118,271,0.000356124,0.05,0.00712248,63,100,385,100,0.349609,0.055976,804.709858969,-2.77662,32.0092,17.6476350933,31.5470999016,51.3401917456,0.483805,0.478433,1.78761
238,106892.000022,106892,2314.75073242,2325.9543457,11.2036132812,2321.28771968,2.29822625163,248127086.93200004,498825,4.66663,334717,0.31935,253,1.49029,0.05,29.8058,583,2012,106892,2012,11.2036,0.107655,209096.594837,-0.241477,515.975,315.702136659,466.156655481,45.8814039966,0.331817,0.511209,1.47657
516,202.00000004,202,2307.8659668,2308.37719727,0.51123046875,2308.05130096,0.13780009728,466226.362793,65.8311,0.325897,3820,0.0528796,516,0.0172333,0.05,0.344666,365,86,202,86,0.51123,0.113003,767.025885086,-6.27228,31.2507,8.74958127083,31.1813936562,86.6335393363,0.343213,0.263355,3.56376
21,3753.00000078,3753,2144.36474609,2144.69970703,0.3349609375,2144.54242459,0.0801966149,8048467.71948,590.281,0.157282,30534,0.122912,6,0.0193319,0.05,0.386638,379,350,3753,350,0.334961,0.0171773,6633.94956907,-0.19611,91.9054,66.2886859981,84.197498215,132.357454706,0.384993,0.565726,1.27016
40,510.000000106,510,2076.99487305,2077.51513672,0.52026367188,2077.27265481,0.13795202322,1059409.05396,123.666,0.242482,3527,0.144599,39,0.0350627,0.05,0.701254,435,150,510,150,0.520264,0.072375,2048.28099712,-2.65098,51.0681,18.0249826631,50.9126703287,71.565051177,0.284838,0.248989,2.82456
48,582.000000122,582,2216.57543945,2217.80883789,1.2333984375,2217.51060795,0.22716441223,1290591.17383,173.57,0.29823,3936,0.147866,18,0.0440981,0.05,0.881962,454,144,582,144,1.2334,0.160617,1388.81145416,-1.66323,42.051,20.8580637532,41.2310562562,165.963756532,0.352702,0.419063,1.97674
51,1403.00000029,1403,2218.55834961,2218.97094727,0.41259765625,2218.84628624,0.06143070599,3113041.3396,174.899,0.124661,4719,0.297309,18,0.0370627,0.05,0.741254,442,282,1403,282,0.412598,0.0346057,2351.12283216,-0.579473,54.7133,42.2401391782,52.2015325446,73.300755766,0.221702,0.596736,1.23583
55,6572.00000137,6572,2217.15795898,2217.84448242,0.6865234375,2217.464482,0.17887088472,14573176.575699998,2497.36,0.38,21356,0.307736,18,0.11694,0.05,2.3388,518,440,6572,440,0.686523,0.0266046,11619.3823313,-0.227785,121.632,77.5242355477,118.630728829,41.7602997039,0.426582,0.565607,1.53024
62,5378.00000112,5378,2218.60839844,2218.98852539,0.38012695313,2218.82398655,0.079274456,11932835.3997,884.89,0.164539,27066,0.198699,7,0.0326938,0.05,0.653876,431,544,5378,544,0.380127,0.0162843,9504.87877241,-0.2209,110.009,72.1613613297,109.842812697,165.323606863,0.228367,0.565815,1.52218
66,311.000000064,311,2219.89428711,2220.31689453,0.42260742188,2220.16020728,0.08070123734,690469.824463,48.7297,0.156687,3341,0.0930859,7,0.0145854,0.05,0.291708,354,98,311,98,0.422607,0.0752846,653.188880646,-1.24437,28.8386,17.7787228888,27.763150598,165.068582822,0.406928,0.476126,1.56159
75,855.000000178,855,2176.13500977,2177.82568359,1.69067382812,2177.05342711,0.45676148636,1861380.68018,660.279,0.772256,9162,0.0933202,74,0.0720671,0.05,1.44134,488,146,855,146,1.69067,0.181646,1837.09372682,-2.56374,48.3638,21.8301132877,48.3735464898,172.874983651,0.504046,0.465409,2.21591
81,6912.00000144,6912,2188.54296875,2190.58276367,2.03979492188,2189.52502229,0.59746149582,15133996.954099998,7311.11,1.05774,17224,0.401301,74,0.424472,0.05,8.48944,560,422,6912,422,2.03979,0.0770785,9913.8117888,-0.432581,112.351,90.5096679919,101.823376491,45,0.48774,0.697209,1.125
84,299.000000061,299,2015.5078125,2016.58300781,1.0751953125,2016.2686592,0.25286375158,602864.329102,93.9902,0.314348,11303,0.0264532,83,0.00831551,0.05,0.16631,295,176,299,176,1.0752,0.195346,2840.03747905,-9.4515,60.1336,11.3711830054,60.0988849507,46.684684318,0.121299,0.10528,5.28519
86,3712.00000077,3712,2185.96923828,2186.44824219,0.47900390625,2186.20204741,0.10655264332,8115182,913.875,0.246195,78980,0.0469992,74,0.011571,0.05,0.23142,329,342,3712,342,0.479004,0.0246993,5706.79194916,-0.34375,85.2415,66.1219691831,80.3171852697,168.231711068,0.39881,0.650453,1.21468
92,446.000000094,446,2172.90527344,2175.33398438,2.4287109375,2174.60367985,0.60614285209,969873.241211,325.716,0.730305,1831,0.243583,98,0.17789,0.05,3.5578,538,102,446,102,2.42871,0.361292,694.013185686,-2.83184,29.7262,22.7427080453,29.121760302,146.309932474,0.538697,0.642639,1.28049
94,644.000000136,644,2237.87866211,2238.18261719,0.30395507813,2238.05422462,0.06913109695,1441306.92065,82.6848,0.128393,7035,0.0915423,7,0.0117533,0.05,0.235066,335,236,644,236,0.303955,0.0376284,3480.53434483,-1.82764,66.5699,23.1517315679,66.4728793192,144.117862754,0.145302,0.185029,2.87118
95,585.000000125,585,2249.46337891,2249.76733398,0.30395507813,2249.63911634,0.05403641888,1316038.88306,75.0073,0.128218,26940,0.0217149,7,0.00278424,0.05,0.0556848,202,174,585,174,0.303955,0.0394804,1664.37551319,-1.19829,46.0342,26.2953637329,45.8928517979,150.255118703,0.24281,0.351483,1.74528
102,1205.00000025,1205,2183.27368164,2184.24682617,0.97314453125,2183.78279123,0.26453424018,2631458.26343,559.162,0.464035,3659,0.329325,74,0.152818,0.05,3.05636,531,168,1205,168,0.973145,0.0880712,1727.32867159,-1.01826,46.8967,35.3553390593,45.9619407771,45,0.536511,0.697609,1.3
104,385.000000079,385,2179.34960938,2181.99829102,2.64868164062,2181.11435103,0.69709940044,839729.025146,340.317,0.88394,2682,0.14355,108,0.126889,0.05,2.53778,520,94,385,94,2.64868,0.424081,532.554885635,-3.41039,26.0398,21.8197158551,25.2982212813,161.565051177,0.547539,0.72293,1.15942
106,299.000000062,299,2183.76074219,2184.08666992,0.32592773438,2183.9179565,0.07950281164,652991.468994,50.4453,0.168713,2489,0.120129,74,0.0202673,0.05,0.405346,383,110,299,110,0.325928,0.0592156,720.978585754,-1.91973,30.2982,19.5782932986,25.5990516359,107.65012422,0.310524,0.414714,1.30752
107,776.000000162,776,2032.23059082,2032.7454834,0.51489257813,2032.47414957,0.13096071306,1577199.94006,210.555,0.271334,14911,0.0520421,101,0.0141208,0.05,0.282416,352,272,776,272,0.514893,0.0580679,7615.30305562,-5.45747,98.4688,14.1681043889,98.4878741359,155.820892853,0.131806,0.1019,6.95138
111,316.000000064,316,2180.88696289,2183.24902344,2.36206054688,2182.11070387,0.81281877971,689546.982422,359.709,1.13832,1459,0.216587,108,0.246545,0.05,4.9309,548,80,316,80,2.36206,0.417443,418.263039266,-5.26899,23.077,19,21,90,0.620465,0.755505,1.10526
118,985.000000207,985,2185.14379883,2185.90014648,0.75634765625,2185.45645671,0.21320178875,2152674.60986,437.034,0.443689,18888,0.0521495,74,0.0231382,0.05,0.462764,399,184,985,184,0.756348,0.07571,2111.08762026,-2.14924,51.8452,29.1217603016,50.2003677586,33.6900675258,0.365604,0.466584,1.72381
120,302.000000063,302,2224.96582031,2225.703125,0.7373046875,2225.22516637,0.23003806012,672018.000244,144.344,0.47796,2329,0.129669,0,0.0619768,0.05,1.23954,474,86,302,86,0.737305,0.133289,510.303813008,-4.56954,25.49,17.3657487821,24.3822129367,74.7448812971,0.513121,0.591804,1.40404
121,276.00000006,276,2227.46386719,2227.79589844,0.33203125,2227.6500138,0.08650306449,614831.403809,40.2642,0.145885,11385,0.0242424,53,0.0035366,0.05,0.070732,227,88,276,88,0.332031,0.0627876,586.863715158,-1.40942,27.3353,14.7580486516,27.2800293254,153.434948823,0.447872,0.470297,1.84848
123,202.000000042,202,2231.65380859,2232.22460938,0.57080078125,2231.97500338,0.157653821,450858.950684,50.4204,0.249606,3244,0.0622688,53,0.0155427,0.05,0.310854,358,66,202,66,0.570801,0.126171,283.502118345,-2.4802,18.9991,15,18,0,0.582738,0.712517,1.2
124,210.000000043,210,2232.64794922,2233.74633789,1.09838867188,2233.16144206,0.3033469294,468963.902832,122.828,0.584895,1777,0.118177,47,0.069121,0.05,1.38242,482,78,210,78,1.09839,0.23812,568.399939408,-9.7,26.9018,12.0208152802,26.8700576851,135,0.43375,0.369458,2.23529
125,452.000000096,452,2233.09448242,2234.75805664,1.66357421875,2233.7818879,0.50040303941,1009669.41333,441.228,0.976168,4762,0.0949181,124,0.092656,0.05,1.85312,502,108,452,108,1.66357,0.245823,867.909201218,-5.93805,33.2424,19.7989898732,33.2340187158,135,0.486968,0.520792,1.67857
127,600.000000125,600,2246.14526367,2246.92407227,0.77880859375,2246.71255534,0.18660008808,1348027.5332,126.91,0.211517,13038,0.0460193,47,0.00973385,0.05,0.194677,310,174,600,174,0.778809,0.0998861,1388.81145416,-1.005,42.051,23.58408573,41.0387982554,95.3558250429,0.249036,0.432024,1.74011
128,954.000000199,954,2248.70751953,2250.35229492,1.64477539062,2249.8702326,0.41886084506,2146376.2019,459.887,0.482062,8285,0.115148,127,0.0555084,0.05,1.11017,465,176,954,176,1.64478,0.167295,1398.23244764,-0.989518,42.1934,35,41,90,0.38702,0.68229,1.17143
129,245.000000049,245,2260.48583984,2261.46142578,0.9755859375,2260.98423848,0.27460694736,553941.138428,116.911,0.477188,74109,0.00330594,126,0.00157755,0.05,0.031551,154,96,245,96,0.975586,0.195809,887.14355184,-7.6,33.6087,12.403473459,33.6134130734,29.7448812972,0.334067,0.276167,2.71
133,263.000000057,263,2254.98364258,2255.39868164,0.4150390625,2255.18244545,0.10372801306,593112.983154,56.8701,0.216236,2638,0.0996967,47,0.021558,0.05,0.43116,388,86,263,86,0.415039,0.0804009,494.446943155,-1.93156,25.0908,15.5563491861,24.0416305603,135,0.446857,0.531907,1.54545
135,283.000000058,283,2223.06860352,2224.65527344,1.58666992188,2224.04974344,0.37049000609,629406.077393,171.365,0.60553,9891,0.0286119,105,0.0173253,0.05,0.346506,366,96,283,96,1.58667,0.296308,842.393832851,-5.86926,32.7501,12.5935523576,32.4469172498,69.7751405692,0.385881,0.335947,2.57647
138,9006.00000187,9006,2302.86035156,2303.30957031,0.44921875,2303.13130157,0.09755245673,20742000.502,1605.49,0.178269,36166,0.249018,140,0.0443922,0.05,0.887844,455,572,9006,572,0.449219,0.0148711,21219.2176276,-0.154786,164.369,91.1672909393,155.394041296,55.6456633449,0.345899,0.424427,1.70449
145,229.000000051,229,2345.85766602,2346.18041992,0.32275390625,2346.04947632,0.07062587239,537245.330078,29.9861,0.130944,13659,0.0167655,146,0.00219534,0.05,0.0439068,182,130,229,130,0.322754,0.0670045,1585.86723426,-5.31441,44.9354,9.06474539535,44.8466351129,151.504361382,0.170278,0.1444,4.94737
146,6622.00000138,6622,2345.33349609,2345.93994141,0.6064453125,2345.68996249,0.11223122519,15533158.9316,1655.36,0.249979,29887,0.221568,140,0.0553873,0.05,1.10775,464,526,6622,526,0.606445,0.0234124,12396.9745138,-0.332528,125.636,72.7237249798,124.769138049,8.93956500315,0.300765,0.534163,1.71566
148,979.000000206,979,2267.52197266,2267.96142578,0.439453125,2267.73642164,0.11783325543,2220113.95679,220.279,0.225004,3166,0.309223,7,0.0695764,0.05,1.39153,483,226,979,226,0.439453,0.0441236,3066.91734241,-0.910112,62.4894,26.9694521886,62.4249820052,35.5376777921,0.240866,0.319213,2.31466
152,351.000000073,351,2239.4074707,2239.83789062,0.43041992188,2239.60636602,0.11458611131,786101.834473,81.2651,0.231524,12404,0.0282973,105,0.00655152,0.05,0.13103,273,94,351,94,0.43042,0.0721753,538.577245703,-1.4302,26.1866,20.2385770248,25.6144490474,71.5650511769,0.499185,0.651717,1.26562
155,229.000000047,229,2242.48046875,2243.68920898,1.20874023438,2243.28709125,0.35477140211,513712.743896,92.085,0.402118,3941,0.0581071,105,0.0233659,0.05,0.467318,401,78,229,78,1.20874,0.250937,456.138552513,-2.55022,24.0992,15,24,90,0.472995,0.50204,1.6
158,1073.00000022,1073,2217.59130859,2218.84277344,1.25146484375,2218.17868159,0.3420383738,2380105.72534,712.571,0.664092,12577,0.0853145,0,0.0566567,0.05,1.13313,467,156,1073,156,1.25146,0.120024,1557.49838562,-1.48928,44.5317,34.8826604488,44.2741459546,26.565051177,0.554065,0.688925,1.26923
159,497.000000105,497,2212.34375,2212.69238281,0.3486328125,2212.52030886,0.05597731421,1099622.59351,85.5207,0.172074,7399,0.0671712,0,0.0115584,0.05,0.231168,328,124,497,124,0.348633,0.0491293,1327.57919991,-2.24346,41.1136,19,41,0,0.406184,0.374366,2.15789
162,462.000000099,462,2350.71337891,2351.15966797,0.4462890625,2351.06357274,0.07655815133,1086191.37061,44.396,0.0960952,82687,0.00558734,140,0.000536916,0.05,0.0107383,85,110,462,110,0.446289,0.0652297,773.3065474,-0.571429,31.3784,23.5747583398,28.7889401841,70.5599651717,0.479807,0.597434,1.22118
168,555.000000116,555,2278.79077148,2279.74780273,0.95703125,2279.45818597,0.17857860254,1265099.29321,160.737,0.289616,6807,0.0815337,47,0.0236135,0.05,0.47227,402,122,555,122,0.957031,0.127623,1008.83138417,-1.97838,35.8397,25,33,90,0.468579,0.550142,1.32
169,218.000000044,218,2352.45117188,2352.83666992,0.38549804688,2352.71738035,0.06618772571,512892.388916,26.0051,0.119289,41705,0.00522719,140,0.000623549,0.05,0.012471,95,170,218,170,0.385498,0.0820245,3620.80182397,-5.70642,67.8981,7.71939499448,67.8637326889,15.7807533095,0.0947913,0.0602077,8.79133
172,218.000000046,218,2113.8996582,2114.42114258,0.521484375,2114.16551055,0.1106359903,460888.081299,55.7278,0.255632,2211,0.0985979,165,0.0252048,0.05,0.504096,410,138,218,138,0.521484,0.110959,2217.8588796,-9.88532,53.1401,9,53,0,0.143849,0.098293,5.88889
176,268.000000057,268,2247.6574707,2248.08886719,0.43139648438,2247.8901932,0.10768936751,602434.571777,53.2446,0.198674,5544,0.0483405,53,0.009604,0.05,0.19208,309,82,268,82,0.431396,0.0827863,510.303813008,-2.22761,25.49,16,23,0,0.500861,0.525177,1.4375
180,882.000000185,882,2299.16162109,2304.69799805,5.53637695312,2302.46413209,1.63577293071,2030773.3645,1970.27,2.23387,13732,0.0642295,0,0.14348,0.05,2.8696,528,138,882,138,5.53638,0.585654,1170.41078461,-3.8322,38.6033,30.8577380897,38.4603692129,26.5650511772,0.581996,0.753582,1.24638
181,257.000000053,257,2349.79125977,2350.18798828,0.39672851563,2350.05882744,0.10420225117,603965.118652,33.1943,0.129161,14608,0.0175931,232,0.00227234,0.05,0.0454468,185,114,257,114,0.396729,0.0777459,623.355734654,-2.03891,28.1723,15.6955956922,27.3219628721,41.6335393362,0.248504,0.412285,1.74074
189,1973.00000041,1973,2338.7409668,2339.07788086,0.3369140625,2339.00567822,0.07345222914,4614858.20313,142.456,0.0722027,73701,0.0267703,165,0.00193289,0.05,0.0386578,173,438,1973,438,0.336914,0.023829,9566.23378687,-0.27775,110.364,32.068139563,109.865114974,62.0205256116,0.129238,0.206246,3.42599
197,220.000000045,220,2336.51342773,2336.87573242,0.3623046875,2336.78358043,0.05540989073,514092.387695,20.2734,0.0921518,115060,0.00191205,240,0.000176199,0.05,0.00352398,41,134,220,134,0.362305,0.0767384,1388.81145416,-3.88182,42.051,16.8960234894,41.1909592263,6.34019174583,0.153965,0.158409,2.43791
198,242.00000005,242,2327.84008789,2328.48071289,0.640625,2328.13914805,0.1798421428,563409.673828,82.6587,0.341565,313716,0.000771398,240,0.000263483,0.05,0.00526966,53,114,242,114,0.640625,0.129374,1197.25125359,-6.68595,39.0434,10.5135690956,38.9663749709,126.027373385,0.234,0.20213,3.70629
205,2303.00000048,2303,2335.37353516,2336.07373047,0.7001953125,2335.89396357,0.13375709898,5379563.7981,414.003,0.179767,35365,0.0651209,240,0.0117066,0.05,0.234132,333,294,2303,294,0.700195,0.0458376,4554.26526037,-0.314807,76.149,47.3314142375,74.2436804555,19.9831065219,0.334818,0.50568,1.56859
207,397.000000086,397,2314.57421875,2315.21386719,0.6396484375,2314.89682384,0.20276917885,919014.039062,125.866,0.317043,1263,0.314331,193,0.0996564,0.05,1.99313,508,102,397,102,0.639648,0.100855,589.577570996,-3.40554,27.3984,22.38859661,26.9098947086,60.6422464576,0.479513,0.673363,1.20195
208,391.000000081,391,2261.44213867,2263.30322266,1.86108398438,2262.51624815,0.57662970715,884643.853027,307.707,0.786974,7776,0.0502829,115,0.0395714,0.05,0.791428,445,96,391,96,1.86108,0.295683,710.499924263,-4.65217,30.0772,18.5436761329,30.0819635049,74.0546040987,0.533144,0.550317,1.62222
210,379.000000078,379,2304.68994141,2305.46875,0.77880859375,2304.98712625,0.185392757,873590.12085,182.535,0.481623,1660,0.228313,193,0.109961,0.05,2.19922,514,122,379,122,0.778809,0.125679,987.634148863,-6.9657,35.4612,18.4672576189,35.1100391838,122.275644315,0.319985,0.383745,1.9012
213,412.000000085,412,2337.45678711,2337.96899414,0.51220703125,2337.68079324,0.13521403566,963124.486816,118.739,0.288201,4101,0.100463,401,0.0289537,0.05,0.579074,423,100,412,100,0.512207,0.0792769,586.672848922,-2.14078,27.3308,22.5858588305,23.4637544034,151.389540334,0.517734,0.702265,1.03887
221,458.000000092,458,2327.83178711,2328.19189453,0.36010742188,2328.09685027,0.05255709978,1066268.35742,43.5303,0.0950443,81143,0.00564436,232,0.000536464,0.05,0.0107293,84,212,458,212,0.360107,0.0528626,2041.21525202,-2.24454,50.98,19.091883092,50.9116882454,135,0.128057,0.224376,2.66667
222,317.000000062,317,2295.14648438,2296.36523438,1.21875,2295.84330562,0.30011843639,727782.327881,165.451,0.521927,54495,0.00581705,199,0.00303608,0.05,0.0607216,212,90,317,90,1.21875,0.215048,695.748218652,-5.05363,29.7633,19.2093727123,29.360667235,51.3401917461,0.491795,0.455625,1.52846
223,1463.00000031,1463,2328.54858398,2329.51147461,0.962890625,2329.01432503,0.29288591952,3407347.95752,727.33,0.49715,7823,0.187013,238,0.0929733,0.05,1.85947,503,212,1463,212,0.962891,0.079087,2092.48986821,-0.864662,51.6163,40.4353234762,50.6061717124,82.8749836513,0.409056,0.699167,1.25153
224,7610.00000158,7610,2315.14233398,2320.19555664,5.05322265625,2317.7888482,1.40022468736,17638373.1348,18315.1,2.40671,43134,0.176427,232,0.424609,0.05,8.49218,561,550,7610,550,5.05322,0.181981,16573.8578169,-1.26702,145.267,81.4656371837,138.954729232,139.873896422,0.316132,0.459157,1.70569
234,3283.00000068,3283,2335.73950195,2336.10668945,0.3671875,2335.95625882,0.07075843739,7668944.397710001,493.864,0.150431,20139,0.163017,401,0.0245228,0.05,0.490456,407,366,3283,366,0.367188,0.0201327,9052.00455993,-0.375876,107.356,49.7226992511,107.124286307,8.74616226256,0.307977,0.362682,2.15443
242,2654.00000055,2654,2296.26953125,2305.06420898,8.79467773438,2301.78489978,2.23941218625,6108937.12402,8703.29,3.27931,41264,0.0643176,195,0.210917,0.05,4.21834,542,248,2654,248,8.79468,0.536314,5194.89281639,-2.27167,81.3286,47,76,0,0.54226,0.510886,1.61702
243,392.000000079,392,2237.07519531,2237.83789062,0.7626953125,2237.45915129,0.20385399707,877083.987305,148.466,0.37874,148732,0.00263561,219,0.000998212,0.05,0.0199642,128,110,392,110,0.762695,0.12102,786.67837877,-3.75255,31.6485,21.5845805531,31.4549163839,130.601294646,0.407109,0.498298,1.45729
245,3096.00000065,3096,2319.79467773,2329.28320312,9.48852539062,2324.93890349,2.60553172005,7198010.845209999,13450,4.34432,132873,0.0233004,401,0.101224,0.05,2.02448,510,298,3096,298,9.48853,0.535733,5888.71308013,-2.86208,86.5895,52.8149897794,84.062997431,10.9228047198,0.438105,0.525752,1.59165
246,204.000000042,204,2306.69946289,2307.04223633,0.3427734375,2306.92580279,0.07975789739,470612.86377,23.7524,0.116433,11627,0.0175454,259,0.00204287,0.05,0.0408574,176,110,204,110,0.342773,0.0753948,1234.93522747,-2.15196,39.6531,8.89962511399,39.2529358898,115.463345062,0.211863,0.165191,4.41063
249,317.000000065,317,2300.91601562,2301.29174805,0.37573242188,2301.1533619,0.07785368393,729465.615723,43.8684,0.138386,3259,0.0972691,401,0.0134607,0.05,0.269214,350,148,317,148,0.375732,0.0662977,1713.44713439,-2.90852,46.7079,17.9044522888,45.4814247796,174.093858886,0.181864,0.185007,2.54023
255,257.000000053,257,2308.00024414,2308.3125,0.31225585938,2308.23334999,0.05594674401,593215.970947,20.3416,0.0791502,2222,0.115662,248,0.00915464,0.05,0.183093,301,182,257,182,0.312256,0.0611919,2212.36330008,-3.29961,53.0742,12.9466116841,52.7823399429,5.19442890776,0.097499,0.116165,4.07692
256,1223.00000025,1223,2312.87524414,2319.97973633,7.1044921875,2316.66637495,2.20011280362,2833282.97656,4052.24,3.31336,8499,0.143899,401,0.47679,0.05,9.5358,564,162,1223,162,7.10449,0.638219,1690.86722116,-3.47016,46.3991,36.3318985095,46.0148874062,24.4439547805,0.585607,0.723297,1.26651
257,231.000000049,231,2307.04614258,2307.57666016,0.53051757813,2307.41379405,0.10499012371,533012.586426,37.6221,0.162866,14545,0.0158817,259,0.0025866,0.05,0.051732,193,98,231,98,0.530518,0.109659,918.546863414,-2.64935,34.1984,13.7692307692,32.9999999999,112.619864948,0.302252,0.251484,2.39665
261,2165.00000045,2165,2316.83691406,2318.41479492,1.57788085938,2317.54373963,0.43566281206,5017482.19629,1885.83,0.871053,43042,0.0502997,292,0.0438137,0.05,0.876274,453,242,2165,242,1.57788,0.106536,3377.16113662,-1.86651,65.5739,50.002470527,58.6796888399,130.601294645,0.464555,0.641071,1.17354
262,262.000000057,262,2308.46606445,2308.92480469,0.45874023438,2308.76264499,0.1163376301,604895.812988,42.4858,0.16216,6024,0.0434927,248,0.00705276,0.05,0.141055,282,102,262,102,0.45874,0.089036,1055.93635153,-2.08779,36.6669,12.6491106407,36.3661930919,108.434948823,0.316454,0.248121,2.875
267,239.000000051,239,2326.02075195,2326.53637695,0.515625,2326.2965614,0.13656032128,555984.878174,57.3159,0.239815,9910,0.0241171,292,0.00578364,0.05,0.115673,263,184,239,184,0.515625,0.104782,3423.74604387,-11.4184,66.0246,8.74347894551,65.9735229516,119.475889003,0.0887099,0.0698066,7.54545
272,233.000000047,233,2269.31152344,2269.80688477,0.49536132813,2269.58416879,0.12836392829,528813.111328,51.8928,0.222716,95719,0.00243421,244,0.000542137,0.05,0.0108427,86,76,233,76,0.495361,0.101952,384.977170776,-1.7382,22.1397,14.7580486517,21.4662525841,63.4349488227,0.506919,0.605231,1.45455
277,231.000000049,231,2301.22119141,2301.62109375,0.39990234375,2301.44930964,0.09720947052,531634.790527,39.6821,0.171784,710712,0.000325026,195,0.0000558343,0.05,0.00111669,25,134,231,134,0.399902,0.0826604,2057.70199059,-7.10823,51.1854,7.82719718709,51.1177951195,99.2461127458,0.161664,0.112261,6.53079
278,331.000000068,331,2321.60522461,2321.90917969,0.30395507813,2321.78286015,0.06993768595,768510.126709,41.8118,0.12632,8253,0.0401066,401,0.00506625,0.05,0.101325,251,132,331,132,0.303955,0.0524862,1448.47774615,-1.9003,42.9448,17.5578845634,42.4560218709,86.6335393365,0.238721,0.228516,2.41806
279,467.000000098,467,2290.11181641,2290.83105469,0.71923828125,2290.56779111,0.14693809404,1069695.15845,122.944,0.263263,160758,0.00290499,275,0.000764777,0.05,0.0152955,110,128,467,128,0.719238,0.10456,1339.35123844,-1.69593,41.2955,20.9367421012,40.8744280444,2.48955292202,0.358185,0.348676,1.95228
280,11116.0000023,11116,2303.31176758,2318.64208984,15.3303222656,2310.37261363,4.49749335753,25682101.973100003,91923.5,8.26948,16841,0.660056,401,5.45832,0.05,109.166,590,486,11116,486,15.3303,0.4568,12677.850091,-2.0538,127.051,113.732750841,126.966745471,5.71059313753,0.591406,0.876805,1.11636
281,1371.00000028,1371,2307.68457031,2311.12573242,3.44116210938,2310.43279687,0.60272093168,3167603.3645,950.015,0.692936,141502,0.00968891,273,0.00671379,0.05,0.134276,278,236,1371,236,3.44116,0.291968,4230.81115121,-1.36178,73.3951,34.5312914543,69.9702395181,41.7295120768,0.309331,0.324051,2.02628
282,17586.0000037,17586,2282.25854492,2284.0168457,1.75830078125,2283.11004907,0.44099860907,40150773.323,15946.9,0.906795,44863,0.391993,53,0.355458,0.05,7.10916,553,674,17586,674,1.7583,0.0416542,26228.0458229,-0.20522,182.742,137.320053744,178.349430248,35.8376529543,0.486471,0.670504,1.29879
283,793.000000164,793,2291.31665039,2294.21875,2.90209960938,2292.50412053,0.74034262475,1817955.76758,1359.7,1.71463,32051,0.0247418,401,0.042423,0.05,0.84846,452,132,793,132,2.9021,0.323762,963.907202361,-8.72005,35.0326,30.8577380894,33.5410196625,26.5650511771,0.57192,0.822693,1.08696
287,11816.0000025,11816,2302.0078125,2312.55615234,10.5483398438,2308.45918748,1.91634226126,27276753.759299997,48409.7,4.09696,79852,0.147974,283,0.606243,0.05,12.1249,570,508,11816,508,10.5483,0.304858,14256.9272199,-1.27725,134.731,118.816782031,129.078735662,109.440034828,0.575378,0.82879,1.08637
288,303.000000061,303,2284.60449219,2285.16430664,0.55981445313,2284.97506704,0.11404259757,692347.445312,57.3396,0.18924,85606,0.00353947,285,0.000669808,0.05,0.0133962,103,122,303,122,0.559814,0.101035,1341.70648681,-2.24092,41.3318,12.3986887485,41.2809055614,54.782407032,0.255819,0.225832,3.32946
290,223.000000045,223,2298.12817383,2298.52270508,0.39453125,2298.39496041,0.08327179511,512542.076172,28.4871,0.127745,11286,0.019759,286,0.00252411,0.05,0.0504822,192,106,223,106,0.394531,0.0830001,957.801002871,-2.49776,34.9215,14.7253619036,34.924393686,112.750976343,0.249404,0.232825,2.37172
291,238.000000049,238,2325.24047852,2325.55517578,0.31469726563,2325.41689884,0.05947394844,553449.221924,32.9099,0.138277,1410,0.168794,401,0.0233404,0.05,0.466808,400,118,238,118,0.314697,0.0640846,1045.73027527,-3.02521,36.4892,15.4931746759,35.1047881897,168.690067526,0.214794,0.227592,2.26582
293,266.000000055,266,2326.79248047,2327.18164062,0.38916015625,2327.00320412,0.09667167582,618982.852295,47.4641,0.178436,535,0.497196,409,0.0887179,0.05,1.77436,498,100,266,100,0.38916,0.0749613,716.955770346,-2.54511,30.2135,15.6524758425,29.5160973029,153.434948823,0.334265,0.371013,1.88571
294,994.000000205,994,2298.81103516,2299.36376953,0.552734375,2299.11655382,0.12755075544,2285321.85449,245.732,0.247215,168050,0.00591491,279,0.00146226,0.05,0.0292452,144,178,994,178,0.552734,0.0550773,1855.79943512,-1.1167,48.6094,30.4793561354,47.0360434192,48.8140748342,0.394236,0.535618,1.54321
295,573.00000012,573,2290.77294922,2291.49731445,0.72436523438,2291.23144531,0.16729263853,1312875.61816,152.343,0.265869,55783,0.0102719,260,0.00273099,0.05,0.0546198,198,162,573,162,0.724365,0.095067,2337.97654635,-1.60558,54.5601,20.8710325569,54.3911757548,108.434948823,0.274369,0.245084,2.60606
296,4932.00000103,4932,2303.25390625,2303.8605957,0.60668945313,2303.59336424,0.12756679156,11361322.4724,1317.99,0.267232,20580,0.23965,195,0.0640423,0.05,1.28085,477,374,4932,374,0.606689,0.0271397,8620.29321053,-0.241687,104.765,75.870974067,97.4454960781,174.093858886,0.443088,0.572138,1.28436
297,1193.00000025,1193,2314.67749023,2315.02905273,0.3515625,2314.91849673,0.06977261302,2761697.7666,131.893,0.110556,10430,0.114382,279,0.0126455,0.05,0.25291,347,242,1193,242,0.351562,0.0319765,4567.61166779,-0.839061,76.2605,27.0979637424,76.2468203753,147.264773728,0.255988,0.261187,2.81375
298,281.000000058,281,2315.67871094,2316.06445312,0.3857421875,2315.88177512,0.10322015076,650762.778809,51.3325,0.182678,4392,0.06398,235,0.0116877,0.05,0.233754,331,134,281,134,0.385742,0.0722926,2092.24563332,-4.02135,51.6133,7.89226234225,51.5441558277,167.905242923,0.196656,0.134305,6.53097
306,267.000000055,267,2306.70800781,2307.44042969,0.732421875,2307.12982795,0.18937773133,616003.664063,82.9307,0.310602,35646,0.00749032,285,0.00232651,0.05,0.0465302,188,102,267,102,0.732422,0.140817,981.35348655,-3.49064,35.3482,11.8227344207,34.4154940328,148.240519915,0.322493,0.272073,2.91096
308,478.000000103,478,2303.97875977,2304.35644531,0.37768554688,2304.19178983,0.08507643559,1101403.67554,78.7053,0.164655,2601,0.183775,312,0.0302596,0.05,0.605192,427,178,478,178,0.377686,0.0542709,1358.81411196,-2.47071,41.5944,17.3925271309,41.4258373482,71.565051177,0.189582,0.351777,2.38182
311,381.000000079,381,2288.73339844,2289.09350586,0.36010742188,2288.96550504,0.07391926686,872095.857422,48.7683,0.128001,84708,0.0044978,320,0.000575722,0.05,0.0115144,89,130,381,130,0.360107,0.0579587,836.787957013,-1.47769,32.6409,22.405164947,31.9699429656,58.3924977538,0.283301,0.455312,1.4269
312,290.00000006,290,2295.68554688,2296.13305664,0.44750976563,2295.9586712,0.10080654478,665828.014648,50.5718,0.174386,79112,0.00366569,313,0.000639243,0.05,0.0127849,97,90,290,90,0.44751,0.0825569,493.409405024,-1.65517,25.0645,18.434916703,23.9261684868,168.690067526,0.449907,0.587747,1.29787
313,386.000000081,386,2295.00585938,2295.35522461,0.34936523438,2295.15520513,0.08693421433,885929.90918,77.2075,0.200019,3788,0.101901,350,0.0203821,0.05,0.407642,384,96,386,96,0.349365,0.0558645,548.617476974,-1.13472,26.4296,21.153526848,26.0985071502,74.0546040996,0.526326,0.703587,1.23377
316,754.000000158,754,2316.22998047,2316.61474609,0.384765625,2316.49909726,0.06429102607,1746640.31934,87.1992,0.115649,15977,0.0471928,315,0.0054578,0.05,0.109156,255,322,754,322,0.384766,0.0440211,3168.59413737,-2.22016,63.5168,27.8479555701,63.4703975925,149.349332043,0.0913839,0.23796,2.27918
317,922.000000188,922,2304.29956055,2304.95776367,0.658203125,2304.64939314,0.15581491102,2124886.74048,284.318,0.308371,52851,0.0174453,312,0.00537961,0.05,0.107592,254,152,922,152,0.658203,0.0680996,1621.09200227,-1.11063,45.4317,33.5201431978,42.3745206464,161.565051177,0.50148,0.568752,1.26415
322,1093.00000023,1093,2288.96923828,2289.484375,0.51513671875,2289.24339837,0.12476327033,2502143.03442,263.387,0.240976,179090,0.00610308,320,0.0014707,0.05,0.029414,146,282,1093,282,0.515137,0.0489511,4495.32899672,-1.44739,75.6547,38.2517413062,74.4886263264,167.660912722,0.172716,0.243141,1.94733
323,1818.00000038,1818,2329.53979492,2330.14160156,0.60180664063,2329.98633215,0.11314588122,4235915.15186,282.28,0.15527,51553,0.0352647,247,0.00547553,0.05,0.109511,256,256,1818,256,0.601807,0.0443415,4667.8891494,-0.165567,77.0931,37.710510276,77.0311322268,53.6156481842,0.348597,0.389469,2.0427
324,236.00000005,236,2305.34301758,2305.70239258,0.359375,2305.55517578,0.08036534751,544111.021484,34.7432,0.147217,68644,0.00343803,346,0.000506136,0.05,0.0101227,81,86,236,86,0.359375,0.0734923,444.123280364,-2.24153,23.7797,18.8513239267,19.266551326,94.7636416896,0.400982,0.531384,1.02203
328,449.000000093,449,2291.67919922,2292.65917969,0.97998046875,2292.06471032,0.27669566016,1029137.05493,266.917,0.59447,12531,0.0358311,53,0.0213005,0.05,0.42601,386,112,449,112,0.97998,0.145293,974.287741446,-4.22272,35.2208,21,35,0,0.449801,0.460849,1.66667
329,1461.0000003,1461,2318.82788086,2319.19091797,0.36303710938,2319.03084377,0.08465639572,3388104.06274,233.868,0.160074,22527,0.0648555,332,0.0103817,0.05,0.207634,318,286,1461,286,0.363037,0.0298384,5681.64414572,-0.76386,85.0535,25.9306768135,85.0652690585,71.5650511771,0.224454,0.257144,3.28049
332,925.00000019,925,2318.63647461,2318.97875977,0.34228515625,2318.81300491,0.08010626974,2144902.02954,153.323,0.165755,33818,0.0273523,333,0.00453377,0.05,0.0906754,243,316,925,316,0.342285,0.0353563,10755.6342126,-2.09081,117.023,13.8941707821,116.89056599,72.9794743886,0.116407,0.0860014,8.41292
339,10471.0000022,10471,2315.56958008,2322.52319336,6.95361328125,2319.98306693,1.73011371863,24292542.6938,26597.7,2.54013,67380,0.155402,401,0.394742,0.05,7.89484,557,602,10471,602,6.95361,0.213484,19091.5026218,-0.711011,155.91,120.580088944,145.052021928,66.551937422,0.363082,0.548464,1.20295
342,1270.00000027,1270,2330.62011719,2331.01123047,0.39111328125,2330.83217485,0.11162944195,2960156.86206,227.401,0.179056,26463,0.0479915,247,0.00859317,0.05,0.171863,298,224,1270,224,0.391113,0.0344787,2349.75278819,-0.394488,54.6973,37.6473680929,54.0872668236,9.46232220801,0.318066,0.540482,1.43668
343,237.00000005,237,2298.26782227,2299.9453125,1.67749023438,2299.23714605,0.46242787979,544919.203613,167.835,0.708165,14473,0.0163753,53,0.0115964,0.05,0.231928,330,80,237,80,1.67749,0.342323,439.823001244,-6,23.6643,16.4638641737,22.980810409,30.9637565324,0.465348,0.538853,1.39583
345,205.000000044,205,2300.89916992,2301.55029297,0.65112304688,2301.19444312,0.1846907434,471744.86084,72.9492,0.35585,6979,0.0293738,53,0.0104527,0.05,0.209054,319,98,205,98,0.651123,0.142868,1347.98714912,-7.18537,41.4284,7.36063776628,41.2944254344,176.423665625,0.268233,0.152079,5.61017
356,409.000000085,409,2321.06469727,2321.80200195,0.7373046875,2321.35616178,0.21598492201,949434.670166,182.349,0.445841,6290,0.0650238,335,0.0289903,0.05,0.579806,424,182,409,182,0.737305,0.114534,3441.80294802,-9,66.1985,11.9470439727,66.2019684353,153.996654155,0.155164,0.118833,5.54128
364,286.00000006,286,2309.8269043,2310.32617188,0.49926757813,2310.22164213,0.06260483498,660723.389648,29.8955,0.10453,30115,0.00949693,367,0.000992711,0.05,0.0198542,126,146,286,146,0.499268,0.0927472,1234.93522747,-2.45804,39.6531,14.686063917,38.8908729652,22.380135052,0.168605,0.231591,2.64815
365,6336.00000131,6336,2309.25268555,2328.63574219,19.3830566406,2321.41599782,5.52403275202,14708491.7622,45744.3,7.21974,48931,0.129488,415,0.934874,0.05,18.6975,577,382,6336,382,19.3831,0.765007,10157.5827658,-1.50047,113.724,82.9040058124,106.283313146,169.114472945,0.54563,0.62377,1.282
371,220.000000043,220,2283.47851562,2283.81494141,0.33642578125,2283.66097856,0.06600602082,502405.415283,33.8718,0.153963,133367,0.00164958,380,0.000253974,0.05,0.00507948,51,104,220,104,0.336426,0.0712571,422.374540611,-2.82727,23.1902,15.9467017686,23.1802572101,80.5376777918,0.255603,0.520865,1.45361
372,397.000000083,397,2339.99243164,2340.30004883,0.3076171875,2340.18451681,0.04974850409,929053.253174,45.8662,0.115532,6512,0.0609644,341,0.00704334,0.05,0.140867,281,208,397,208,0.307617,0.0485026,2551.51906503,-2.2796,56.9973,14.2171460945,56.7474155186,133.363422958,0.115312,0.155594,3.99148
380,317.000000066,317,2279.12158203,2279.80126953,0.6796875,2279.49065719,0.1557375294,722598.53833,98.4641,0.310612,55329,0.00572936,387,0.00177961,0.05,0.0355922,168,124,317,124,0.679688,0.119931,1435.13133873,-4.12618,42.7465,15.0704211704,42.724494213,171.384351816,0.259075,0.220886,2.83499
387,583.00000012,583,2277.23242188,2278.40576172,1.17333984375,2277.94072659,0.290150741,1328039.4436,271.115,0.465034,67201,0.00867547,398,0.00403439,0.05,0.0806878,234,140,583,140,1.17334,0.152665,1904.6108467,-3.34477,49.2446,19.9557031572,48.7584347138,176.185925166,0.373785,0.306099,2.44333
389,295.00000006,295,2296.14697266,2297.22900391,1.08203125,2296.70813857,0.30016465376,677528.900879,153.655,0.520864,3458,0.0853094,0,0.0444346,0.05,0.888692,456,92,295,92,1.08203,0.197915,583.186618374,-5.81356,27.2495,16.2011637547,25.7782063683,61.3895403341,0.437982,0.505841,1.59113
392,270.000000055,270,2324.92529297,2325.55249023,0.62719726563,2325.29769784,0.16662811719,627830.378418,68.7939,0.254792,45633,0.00591677,568,0.00150755,0.05,0.030151,148,94,270,94,0.627197,0.119915,728.556828413,-3.17407,30.457,15.5805364865,28.5643168917,2.86240522614,0.383988,0.370596,1.83333
394,601.000000129,601,2318.73120117,2319.19482422,0.46362304688,2318.99908437,0.10856126984,1393718.44971,117.64,0.19574,5993,0.100284,428,0.0196296,0.05,0.392592,380,160,601,160,0.463623,0.0594125,1348.36063174,-1.41265,41.4341,24.8500367064,41.4340570193,81.0273733851,0.295015,0.445726,1.66736
395,698.000000142,698,2330.8515625,2331.16162109,0.31005859375,2331.03144237,0.04931216952,1627059.94678,90.8647,0.130179,2170,0.321659,447,0.0418731,0.05,0.837462,451,310,698,310,0.310059,0.0368694,1766.20258921,-2.54728,47.4215,35.7334382997,43.1842403282,8.74616226257,0.0912729,0.395198,1.20851
397,200.000000038,200,2291.39770508,2292.328125,0.93041992188,2291.90406128,0.24131667241,458380.812256,84.8127,0.424064,7054,0.0283527,0,0.0120233,0.05,0.240466,342,90,200,90,0.93042,0.206687,453.777852179,-8.79,24.0368,14.9976921306,22.1895678884,74.7448812973,0.310281,0.440744,1.47953
399,1898.00000039,1898,2333.47924805,2334.33349609,0.85424804688,2333.7158616,0.20551311507,4429392.70532,1172.27,0.617634,2558,0.741986,392,0.458276,0.05,9.16552,563,218,1898,218,0.854248,0.0616007,2904.80632018,-1.3588,60.8154,45.8530260724,47.7503926688,18.4349488229,0.501872,0.6534,1.04138
403,2910.00000061,2910,2305.12158203,2315.42089844,10.2993164062,2310.48912316,3.06253835857,6723523.348389999,14351.5,4.93179,22746,0.127935,417,0.630946,0.05,12.6189,571,248,2910,248,10.2993,0.599806,3568.65930344,-3.25292,67.4074,56.7299129108,67.1693157708,15.945395901,0.594565,0.815432,1.18402
404,280.000000059,280,2329.9309082,2330.25610352,0.3251953125,2330.12533744,0.07660297085,652435.094482,36.6145,0.130766,6418,0.0436273,447,0.00570497,0.05,0.114099,259,162,280,162,0.325195,0.0610541,717.604923514,-4.01429,30.2272,20.8333242009,29.9625336818,159.44395478,0.134072,0.390187,1.4382
406,279.000000056,279,2335.53759766,2335.98535156,0.44775390625,2335.75519171,0.12048560656,651675.698486,64.2146,0.23016,980,0.284694,568,0.0655251,0.05,1.3105,479,82,279,82,0.447754,0.0842146,529.145799945,-2.89964,25.9563,16,25,90,0.521418,0.527265,1.5625
408,1928.0000004,1928,2323.77636719,2325.11083984,1.33447265625,2324.48138314,0.35817158075,4481600.10669,1213.59,0.629455,14046,0.137263,415,0.0864011,0.05,1.72802,496,228,1928,228,1.33447,0.0954784,2977.81901958,-1.27645,61.575,45.5643370223,56.3615732838,59.7435628363,0.466066,0.647454,1.23697
411,919.00000019,919,2328.22729492,2328.53759766,0.31030273438,2328.36626274,0.06676470143,2139768.59546,157.457,0.171335,5947,0.154532,402,0.0264767,0.05,0.529534,418,214,919,214,0.310303,0.0321572,4906.76743274,-1.89119,79.0411,21.9134661794,78.2623792125,26.5650511771,0.252173,0.187292,3.57143
418,207.000000043,207,2315.68579102,2316.0144043,0.32861328125,2315.93491942,0.06877698158,479398.52832,16.4534,0.079485,12713,0.0162825,353,0.00129422,0.05,0.0258844,139,112,207,112,0.328613,0.0717546,785.082789237,-1.96135,31.6164,12.302451726,31.6026282871,16.389540334,0.207369,0.263666,2.56881
421,1117.00000023,1117,2319.83789062,2320.91601562,1.078125,2320.10105149,0.29431584754,2591552.87451,910.315,0.814964,1305,0.855939,425,0.697559,0.05,13.9512,572,180,1117,180,1.07812,0.101342,1833.19269028,-1.359,48.3125,28.015680937,46.1503125813,125.537677792,0.43323,0.609319,1.6473
422,279.000000056,279,2319.3503418,2319.89282227,0.54248046875,2319.66141983,0.12778832659,647185.536133,64.5613,0.231403,6819,0.0409151,401,0.00946786,0.05,0.189357,306,92,279,92,0.54248,0.102031,641.45167933,-2.91398,28.5783,16.6737222953,28.2242338294,152.241459399,0.414227,0.434951,1.69274
425,3141.00000065,3141,2318.88500977,2319.50683594,0.62182617188,2319.05817022,0.13607585047,7284161.712650001,1409.26,0.448666,3756,0.836262,401,0.375202,0.05,7.50404,555,284,3141,284,0.621826,0.0348566,4223.79171707,-0.721108,73.3342,58.2979268573,62.5332463299,41.6335393365,0.489374,0.743645,1.07265
436,710.000000149,710,2285.5065918,2285.96801758,0.46142578125,2285.74979712,0.10399895879,1622882.35596,154.937,0.218221,27224,0.0260799,431,0.00569119,0.05,0.113824,258,154,710,154,0.461426,0.054403,1479.90454753,-1.40704,43.4082,23.8627978457,43.0966917614,118.610459666,0.376207,0.479761,1.80602
437,563.000000118,563,2287.08862305,2288.97509766,1.88647460938,2287.86722609,0.56871530391,1288069.24829,623.732,1.10787,9233,0.0609769,431,0.0675546,0.05,1.35109,481,120,563,120,1.88647,0.249773,1134.44463045,-6.5897,38.0055,21.7662695885,37.1306951805,39.8055710922,0.49131,0.496278,1.70588
439,1060.00000022,1060,2309.69458008,2310.01196289,0.3173828125,2309.92692664,0.06899552715,2448522.54224,90.1384,0.0850362,47045,0.0225316,568,0.001916,0.05,0.03832,170,290,1060,290,0.317383,0.0306253,3041.41072551,-0.428302,62.229,29.156782702,61.1617858221,167.005383208,0.158387,0.348522,2.09769
442,206.000000043,206,2295.34814453,2295.7175293,0.36938476563,2295.54458055,0.09851181698,472882.183594,35.6274,0.172949,72497,0.0028415,431,0.000491433,0.05,0.00982866,79,98,206,98,0.369385,0.0808529,882.433055106,-4.40777,33.5194,11.6275534831,33.0938060671,153.434948823,0.269541,0.233445,2.84615
445,243.000000049,243,2294.94970703,2295.64233398,0.69262695313,2295.30920259,0.18035896496,557760.13623,80.9509,0.333131,11550,0.021039,568,0.00700874,0.05,0.140175,280,78,243,78,0.692627,0.139587,431.406236842,-2.92181,23.4368,16.5469030337,22.360679775,116.565051177,0.501911,0.563274,1.35135
446,380.00000008,380,2319.48388672,2319.97607422,0.4921875,2319.85525031,0.09228241276,881544.995117,45.9131,0.120824,134446,0.00282641,401,0.000341498,0.05,0.00682996,62,166,380,166,0.492188,0.0793212,2438.46714338,-2.13158,55.7203,16.6378284217,55.6527728661,102.339087279,0.173292,0.155836,3.34495
454,2450.00000051,2450,2298.49243164,2299.93139648,1.43896484375,2299.55884367,0.27357069621,5633919.16699,912.754,0.372553,11581,0.211553,431,0.0788148,0.05,1.5763,492,298,2450,298,1.43896,0.0913304,5098.45552724,-0.838367,80.5702,45.4107698411,79.9824635735,67.0678995625,0.346692,0.480538,1.76131
455,679.000000142,679,2316.77929688,2317.13354492,0.35424804688,2316.96203128,0.07386596439,1573217.21924,116.458,0.171514,94717,0.00716872,353,0.00122954,0.05,0.0245908,137,152,679,152,0.354248,0.0427093,1948.57548289,-1.18999,49.8097,22.090097641,49.5781514727,85.2363583092,0.369311,0.34846,2.24436
456,582.00000012,582,2319.56298828,2319.9375,0.37451171875,2319.83747785,0.06886993918,1350145.41211,58.2129,0.100022,36176,0.016088,401,0.00160916,0.05,0.0321832,155,244,582,244,0.374512,0.0487702,3491.48298089,-2.21649,66.6745,28.6245003065,66.5550083726,124.07719528,0.122844,0.166691,2.32511
457,13830.0000029,13830,2324.54296875,2326.45117188,1.908203125,2325.75913976,0.47113820277,32165248.9028,9570.8,0.692032,47393,0.291815,568,0.201945,0.05,4.0389,541,700,13830,700,1.9082,0.0509756,30574.8853044,-0.267462,197.305,102.485702014,191.706746851,39.3775993729,0.354679,0.452332,1.87057
458,12962.0000027,12962,2283.14404297,2286.91967773,3.77563476562,2285.58411042,0.86349302027,29625741.239300005,17311.6,1.33557,76278,0.169931,568,0.226954,0.05,4.53908,546,588,12962,588,3.77563,0.104185,23423.8250025,-0.352183,172.697,106.107703903,168.044446246,39.1439864146,0.471115,0.553368,1.58372
459,1700.00000035,1700,2305.57739258,2314.02172852,8.4443359375,2310.94993739,2.58245880687,3928614.89355,5222.04,3.07179,11697,0.145336,568,0.446443,0.05,8.92886,562,236,1700,236,8.44434,0.643415,3316.97478454,-2.45647,64.9869,42.2011987561,64.9995475097,75.963756532,0.383561,0.512515,1.54023
460,1531.00000032,1531,2311.2644043,2313.62646484,2.36206054688,2313.20163831,0.39858832051,3541511.70825,650.409,0.424826,11275,0.135787,400,0.0576859,0.05,1.15372,470,222,1531,222,2.36206,0.18965,2891.53692454,-0.745918,60.6763,36.986099149,60.490168608,107.354024636,0.390372,0.529476,1.63548
461,452.000000095,452,2303.02172852,2303.66845703,0.64672851563,2303.5119024,0.08539370753,1041187.37988,70.7627,0.156555,96975,0.004661,466,0.0007297,0.05,0.014594,108,232,452,232,0.646729,0.0955659,7097.93349751,-3.84071,95.0651,12.3935885142,95.060433464,86.3086140133,0.105529,0.0636805,7.67013
462,1819.00000038,1819,2316.54467773,2317.02270508,0.47802734375,2316.80576124,0.10791565382,4214269.67969,394.621,0.216944,23067,0.0788572,472,0.0171076,0.05,0.342152,364,418,1819,418,0.478027,0.0352116,5985.47118516,-0.848818,87.298,40.7142013636,86.925332685,25.5138704274,0.130825,0.303903,2.13501
464,18036.0000038,18036,2305.60205078,2323.80883789,18.2067871094,2318.42352119,4.56626720539,41815086.6282,97129.6,5.38532,52444,0.34391,568,1.85206,0.05,37.0412,584,744,18036,744,18.2068,0.425906,33661.9947542,-0.854513,207.026,118.448997584,204.66780697,72.4509977709,0.409453,0.535797,1.7279
465,1480.0000003,1480,2267.45166016,2272.54394531,5.09228515625,2270.19388032,1.59029598647,3359886.94287,3478.1,2.35007,33030,0.0448078,568,0.105301,0.05,2.10602,512,176,1480,176,5.09229,0.415846,1737.77944509,-2.34595,47.0384,42.791983433,46.3889907364,119.744881297,0.600408,0.851662,1.08406
467,796.000000162,796,2310.61303711,2311.05419922,0.44116210938,2310.89245391,0.10971046062,1839470.39331,128.749,0.161745,32680,0.0243574,431,0.00393969,0.05,0.0787938,232,314,796,314,0.441162,0.0491237,2069.3290667,-2.00251,51.3298,40.8074276798,46.3889907364,82.8749836508,0.101453,0.384666,1.13678
468,254.000000055,254,2305.06225586,2305.40795898,0.345703125,2305.25593531,0.07961190727,585535.007568,38.614,0.152024,2015,0.126055,461,0.0191633,0.05,0.383266,377,90,254,90,0.345703,0.0681453,484.301211927,-1.77165,24.8321,18.8673387257,22.3186811755,85.6012946451,0.394057,0.524467,1.18293
469,375.00000008,375,2305.05517578,2305.36743164,0.31225585938,2305.24567643,0.06065646757,864467.128662,45.6582,0.121755,195815,0.00191507,461,0.00023317,0.05,0.0046634,47,162,375,162,0.312256,0.0506576,1033.93801133,-2.168,36.2829,27.1955878777,36.0499653259,71.5650511772,0.179561,0.362691,1.32558
470,533.000000109,533,2311.30639648,2311.63989258,0.33349609375,2311.50106313,0.08028672407,1232030.06665,73.9961,0.138829,25733,0.0207127,431,0.00287553,0.05,0.0575106,206,186,533,186,0.333496,0.0453813,2112.6862439,-1.81614,51.8648,22.7894137057,48.7853780835,13.2405199152,0.193603,0.252285,2.1407
471,11312.0000023,11312,2267.26513672,2275.3659668,8.10083007812,2271.4584324,2.03603342753,25694737.787399996,44202,3.90753,52180,0.216788,568,0.847106,0.05,16.9421,575,568,11312,568,8.10083,0.239282,22371.7191621,-1.38773,168.774,88.6059570336,166.258230831,63.072322149,0.440608,0.505638,1.87638
475,464.000000099,464,2263.24072266,2266.42724609,3.1865234375,2264.80324581,0.94039804493,1050868.70605,753.536,1.624,5370,0.086406,0,0.140323,0.05,2.80646,527,102,464,102,3.18652,0.464737,654.821852853,-7.88147,28.8746,21.2,28.7999999999,126.869897646,0.560438,0.70859,1.35849
476,211.000000045,211,2266.59643555,2266.92504883,0.32861328125,2266.82554937,0.0686633835,478300.190918,20.9944,0.0994995,197243,0.00106975,568,0.000106439,0.05,0.00212878,37,72,211,72,0.328613,0.0710712,326.913380205,-0.981043,20.4019,15.2052622467,20.1246117975,63.4349488229,0.511478,0.645431,1.32353
478,392.000000081,392,2303.07006836,2303.39306641,0.32299804688,2303.24099607,0.08787432614,902870.470459,59.6116,0.15207,2628,0.149163,353,0.0226833,0.05,0.453666,397,162,392,162,0.322998,0.0512515,1350.77037,-2.04082,41.4711,19.3649852189,41.3051014505,55.4914770122,0.187701,0.290205,2.13298
480,22302.0000046,22302,2304.84228516,2308.12280273,3.28051757812,2306.53840967,0.69650454691,51440419.6125,35335.1,1.58439,84921,0.262621,568,0.416094,0.05,8.32188,558,698,22302,698,3.28052,0.0690114,26690.1930048,-0.340866,184.345,160.8,182.6,126.869897646,0.575232,0.835588,1.13557
481,7920.00000165,7920,2263.99194336,2275.44238281,11.4504394531,2270.61271831,3.01509620921,17983252.729,38250.9,4.82966,30691,0.258056,0,1.24632,0.05,24.9264,580,426,7920,426,11.4504,0.404211,9342.85811259,-1.2447,109.067,98.2728671621,101.228110474,138.576334375,0.548423,0.847706,1.03007
482,1124.00000023,1124,2274.47167969,2283.71582031,9.244140625,2280.32361513,2.68062522103,2563083.74341,3812.84,3.39221,6508,0.172711,0,0.58587,0.05,11.7174,568,164,1124,164,9.24414,0.86623,1504.66077834,-4.73399,43.7698,37,41,0,0.525156,0.747012,1.10811
483,3252.00000068,3252,2266.23266602,2286.16650391,19.9338378906,2277.16843939,5.29084508279,7405351.76489,29261.7,8.99806,6190,0.525364,482,4.72725,0.05,94.545,589,274,3252,274,19.9338,1.09816,3941.34128899,-5.11501,70.8398,60.7223755838,70.7499238452,158.198590514,0.544326,0.8251,1.16514
485,1613.00000034,1613,2282.90209961,2287.72900391,4.82690429688,2285.1785228,1.49811444615,3685992.95728,4113.93,2.55048,25374,0.063569,0,0.162132,0.05,3.24264,533,188,1613,188,4.8269,0.377573,2049.22374891,-2.93676,51.0799,43,51,0,0.573494,0.787127,1.18605
488,3650.00000076,3650,2282.29248047,2287.66235352,5.36987304688,2286.02737572,1.06762548706,8343999.92139,5967.67,1.63498,229282,0.0159193,489,0.0260276,0.05,0.520552,415,310,3650,310,5.36987,0.279233,4852.87967334,-1.57836,78.6058,69.2835926913,72.1897836602,144.462322208,0.477287,0.752131,1.04195
489,1212.00000025,1212,2283.48730469,2287.27856445,3.79125976562,2286.16634457,0.9885720296,2770833.60962,1348.01,1.11222,9169,0.132185,496,0.147018,0.05,2.94036,530,214,1212,214,3.79126,0.342123,4337.58241055,-3.4736,74.3154,29.0688837075,73.7902432575,153.434948823,0.332571,0.279418,2.53846
496,10677.0000022,10677,2262.59277344,2285.93603516,23.3432617188,2275.15556294,6.60173578007,24291835.9456,115103,10.7805,36049,0.29618,568,3.19296,0.05,63.8592,588,506,10677,506,23.3433,0.709721,16325.0115194,-2.40948,144.172,100.123385418,141.17119994,33.6900675259,0.524032,0.654027,1.40997
498,207.000000044,207,2312.05078125,2312.46289062,0.412109375,2312.3152056,0.08819844553,478649.247559,30.5708,0.147685,5300,0.0390566,487,0.00576808,0.05,0.115362,262,134,207,134,0.412109,0.0899864,1833.95339566,-5.19324,48.3225,8.5419855561,48.2807879262,21.8014094863,0.144867,0.112871,5.65217
499,981.000000204,981,2311.6784668,2312.11572266,0.43725585938,2312.02717676,0.06339243207,2268098.6604,86.8635,0.0885459,4563,0.21499,568,0.0190365,0.05,0.38073,376,400,981,400,0.437256,0.0438582,3236.11125725,-1.23038,64.1899,37.1988055081,61.1459569744,160.346175942,0.0770476,0.303142,1.64376
500,6181.00000128,6181,2291.04248047,2299.51318359,8.470703125,2297.31446865,1.61722247736,14199700.7307,13590.3,2.19872,35504,0.174093,568,0.382782,0.05,7.65564,556,362,6181,362,8.4707,0.338485,7159.79795573,-0.87866,95.4785,86.3301801226,94.5521020392,161.565051177,0.592723,0.863293,1.09524
503,677.000000143,677,2301.27392578,2301.64697266,0.373046875,2301.44293601,0.08138125228,1558076.86768,138.133,0.204037,42482,0.0159362,353,0.00325157,0.05,0.0650314,219,190,677,190,0.373047,0.0450421,1630.57481507,-1.71935,45.5644,30.0448684079,45.3384656842,130.601294645,0.235663,0.415191,1.50903
507,2133.00000044,2133,2272.95703125,2275.70532227,2.74829101562,2274.62818218,0.84220804771,4851781.9126,2297.54,1.07714,24039,0.0887308,568,0.0955755,0.05,1.91151,506,292,2133,292,2.74829,0.186946,6539.34900367,-2.50305,91.2478,33.4219231646,91.2377465927,133.152389734,0.314366,0.326179,2.72988
508,2730.00000057,2730,2289.37060547,2305.64746094,16.2768554688,2298.6190647,4.69226058353,6275230.04663,19187.5,7.02839,7914,0.344958,0,2.4245,0.05,48.49,586,242,2730,242,16.2769,0.978679,3373.75709896,-4.26007,65.5408,54.8714862201,64.9124025127,8.13010235418,0.58579,0.809187,1.18299
512,563.000000116,563,2309.94580078,2310.27807617,0.33227539063,2310.14685948,0.06373196936,1300612.68188,73.875,0.131217,61147,0.00920732,518,0.00120815,0.05,0.024163,136,224,563,224,0.332275,0.043994,4412.16527553,-2.72469,74.9516,12.7329415622,74.8996562491,78.3663660008,0.141001,0.127602,5.88235
513,615.000000128,615,2272.37670898,2291.15063477,18.7739257812,2280.50312937,5.6027606963,1402509.42456,6548.22,10.6475,42788,0.0143732,568,0.153039,0.05,3.06078,532,116,615,116,18.7739,2.3783,861.864918289,-30.4667,33.1264,26.921454379,29.8318818793,14.036243468,0.57434,0.713569,1.10811
515,202.000000044,202,2314.42163086,2314.75732422,0.33569335938,2314.67136255,0.040535119,467563.615234,17.3643,0.0859619,1389,0.145428,568,0.0125013,0.05,0.250026,345,128,202,128,0.335693,0.0742022,419.196209019,-1.21287,23.1028,18.4615384615,21.6923076922,157.380135052,0.154932,0.481875,1.175
519,1706.00000035,1706,2290.88476562,2296.29125977,5.40649414062,2293.83814235,1.68826148839,3913287.87085,4185.02,2.45312,15722,0.10851,568,0.266189,0.05,5.32378,550,224,1706,224,5.40649,0.411221,3989.00565212,-4.54748,71.2668,33.9882332579,70.659748089,116.565051177,0.427261,0.427676,2.07895
522,1607.00000034,1607,2304.19238281,2304.83374023,0.64135742188,2304.5215061,0.17991102151,3703366.0603,501.76,0.312234,70489,0.0227979,568,0.00711827,0.05,0.142365,284,248,1607,248,0.641357,0.0502622,4466.33598798,-0.731176,75.4103,38.9303707985,74.510918993,84.8055710924,0.328339,0.359803,1.91395
527,1145.00000024,1145,2311.12915039,2319.2746582,8.1455078125,2316.60287233,2.47099156717,2652510.28882,3059.19,2.67178,5691,0.201195,568,0.537549,0.05,10.751,566,180,1145,180,8.14551,0.75625,1596.79996125,-1.33799,45.09,39.2087843105,44.0074713457,69.4439547805,0.444089,0.717059,1.12239
532,3349.0000007,3349,2306.29174805,2316.18237305,9.890625,2312.82127084,3.03853963335,7745638.43604,11256.3,3.36109,10785,0.310524,540,1.0437,0.05,20.874,578,292,3349,292,9.89062,0.536928,4819.89549787,-1.59003,78.3382,63.4615384614,77.3846153847,157.380135052,0.493582,0.694828,1.21939
534,1809.00000037,1809,2316.7409668,2320.26074219,3.51977539062,2318.64227609,1.10999526098,4194423.87744,2927.81,1.61847,6917,0.26153,568,0.423277,0.05,8.46554,559,224,1809,224,3.51978,0.259984,3171.73446852,-1.22222,63.5482,44,60,0,0.453057,0.57035,1.36364
536,20591.0000043,20591,2292.27856445,2316.41040039,24.1318359375,2309.1260284,6.49214768882,47547214.0508,149992,7.28435,254264,0.0809828,568,0.589907,0.05,11.7981,569,858,20591,858,24.1318,0.528325,38971.5096578,-0.468166,222.756,131.593121692,209.130352959,143.378672506,0.35149,0.52836,1.58922
537,9485.00000198,9485,2309.73632812,2310.296875,0.560546875,2310.06622831,0.12039401074,21910978.1755,2187.68,0.230646,29235,0.32444,0,0.0748309,0.05,1.49662,490,588,9485,588,0.560547,0.0180819,18116.5704445,-0.142646,151.877,95.270993781,149.509224608,88.8065105761,0.344741,0.523554,1.5693
540,13107.0000027,13107,2290.57861328,2296.65478516,6.076171875,2295.41675015,1.48932899909,30086027.344200004,16226.9,1.23803,442492,0.0296209,568,0.0366716,0.05,0.733432,439,1302,13107,1302,6.07617,0.166736,74354.405886,-0.530861,307.686,123.434714907,294.032127008,36.7241071729,0.0971608,0.176277,2.38209
541,893.000000183,893,2011.17028809,2012.82080078,1.65051269531,2011.71768964,0.44574500548,1796463.89685,985.078,1.10311,1066,0.837711,568,0.924088,0.05,18.4818,576,146,893,146,1.65051,0.173517,2096.87241103,-2.3561,51.6703,20.5897659417,51.3503801199,82.8749836512,0.526448,0.425872,2.49398
543,234.000000052,234,2313.81982422,2314.15698242,0.33715820313,2314.05122988,0.08689889445,541487.987793,24.7461,0.105753,872,0.268349,528,0.0283786,0.05,0.567572,421,114,234,114,0.337158,0.0692429,744.859411783,-1.92735,30.7959,21.6119980922,29.2213041355,154.440034828,0.226264,0.314153,1.35209
544,1053.00000022,1053,2297.50585938,2302.54638672,5.04052734375,2300.30159691,1.59107877728,2422217.58154,2363.76,2.24479,21379,0.0492539,568,0.110565,0.05,2.2113,515,150,1053,150,5.04053,0.487991,1605.49430399,-3.93732,45.2126,33.8411514198,44.2538133949,130.601294645,0.588106,0.655873,1.30769
545,273.000000058,273,2304.67358398,2308.67626953,4.00268554688,2307.40183579,1.21559356836,629920.701172,347.92,1.27443,1561,0.174888,540,0.222883,0.05,4.45766,545,74,273,74,4.00269,0.761063,353.785808401,-3.32234,21.2239,17,20,90,0.626483,0.771653,1.17647
547,3682.00000077,3682,2319.63842773,2322.70825195,3.06982421875,2320.82746697,0.90387240562,8545286.7334,6925.05,1.88078,32152,0.114519,540,0.215385,0.05,4.3077,543,292,3682,292,3.06982,0.158935,5220.01546564,-1.8403,81.525,64.8015410776,81.5191800276,24.4439547803,0.54266,0.705362,1.25798
548,17685.0000037,17685,2306.52197266,2309.57958984,3.0576171875,2308.47819275,0.82835195111,40825436.8389,19478.2,1.1014,119082,0.148511,525,0.16357,0.05,3.2714,534,824,17685,824,3.05762,0.0722322,41264.73648520001,-0.325304,229.216,111.119417174,225.05512128,22.5205656029,0.327311,0.428574,2.02534
549,4447.00000092,4447,2296.69702148,2310.75683594,14.0598144531,2304.74259393,4.53506262281,10249190.3152,26745.3,6.01423,10550,0.421517,554,2.5351,0.05,50.702,587,328,4447,328,14.0598,0.662362,7481.05389865,-2.04745,97.597,66.4958645329,92.572674154,147.528807709,0.519433,0.594435,1.39216
550,829.000000173,829,2315.4152832,2328.81884766,13.4035644531,2323.28191734,3.86030056996,1926000.70947,4590.12,5.53694,3270,0.253517,540,1.40371,0.05,28.0742,582,138,829,138,13.4036,1.46249,1301.04160145,-9.75513,40.7006,28,39,0,0.547024,0.637182,1.39286
551,3607.00000075,3607,2310.91601562,2313.92797852,3.01196289062,2312.92762811,0.74215154002,8342729.95459,3608.26,1.00035,50618,0.0712592,549,0.0712841,0.05,1.42568,487,312,3607,312,3.01196,0.157553,5992.53693026,-0.735792,87.3495,54.2562775076,87.3194475028,35.2175929683,0.465636,0.601915,1.60939
552,4130.00000086,4130,2294.92944336,2298.65039062,3.72094726562,2296.74391416,1.07038664721,9485552.36548,7873.75,1.90648,14612,0.282644,0,0.538855,0.05,10.7771,567,312,4130,312,3.72095,0.181898,7335.81358264,-1.37094,96.645,57.8696811811,96.1332408688,18.434948823,0.533152,0.562991,1.6612
554,21952.0000046,21952,2300.35522461,2308.09619141,7.74096679688,2306.29420688,1.44595867789,50627770.42939999,39557.2,1.80199,107409,0.204378,556,0.368286,0.05,7.36572,554,890,21952,890,7.74097,0.164138,49912.1071634,-0.457453,252.091,146.937204562,247.705766028,123.470964275,0.34826,0.439813,1.68579
555,854.000000181,854,2316.16503906,2318.01171875,1.8466796875,2317.020583,0.57589175516,1978735.57788,846.43,0.991136,18229,0.0468484,554,0.0464332,0.05,0.928664,459,144,854,144,1.84668,0.198524,1201.17666753,-2.54918,39.1074,33,35,90,0.517539,0.71097,1.06061
556,1845.00000039,1845,2302.23754883,2305.76586914,3.5283203125,2304.09358843,1.09708463116,4251052.67065,3085.36,1.67228,13536,0.136303,557,0.227937,0.05,4.55874,547,218,1845,218,3.52832,0.258059,3265.94440323,-2.13008,64.4851,41.602514717,64.3452227622,123.690067526,0.487858,0.564921,1.54667
557,4615.00000096,4615,2275.02416992,2295.25366211,20.2294921875,2286.56177705,5.74173440332,10552482.6011,40113.1,8.6919,77115,0.0598457,558,0.520172,0.05,10.4034,565,312,4615,312,20.2295,0.935512,5249.99324599,-3.35536,81.7588,74.3715256492,78.7030064674,175.030259272,0.595761,0.879049,1.05824
558,646.000000132,646,2294.3449707,2294.78369141,0.43872070313,2294.57751087,0.10091350837,1482297.07202,133.193,0.206181,11080,0.0583032,573,0.012021,0.05,0.24042,341,160,646,160,0.438721,0.0542278,2189.59589919,-1.01548,52.8004,18.8188770664,52.6123080638,66.2505055069,0.317105,0.295032,2.79572
559,410.000000086,410,1978.48474121,1979.8125,1.32775878906,1979.25156994,0.35389368316,811493.143677,229.981,0.560929,102723,0.00399132,568,0.00223885,0.05,0.044777,184,144,410,144,1.32776,0.206005,1205.22924856,-6.92927,39.1733,23.5910513738,38.8794268999,66.3706222692,0.248467,0.340184,1.64806
560,945.000000197,945,2300.41552734,2309.51928711,9.10375976562,2306.05235667,2.48951616234,2179219.47705,3276.25,3.46693,23978,0.0394111,573,0.136636,0.05,2.73272,525,150,945,150,9.10376,0.930368,1294.97500152,-5.97778,40.6056,32.3184776871,39.2122429862,124.695153532,0.527788,0.729744,1.21331
561,286.000000058,286,1999.45935059,2000.42443848,0.96508789063,2000.20316811,0.16471040442,572058.106079,63.2833,0.22127,165244,0.00173077,559,0.000382969,0.05,0.00765938,65,126,286,126,0.965088,0.179281,1002.1249079,-4.26923,35.7204,21.9650071355,35.1047881897,78.6900675261,0.226378,0.285394,1.59821
564,446.000000095,446,2000.31774902,2001.69567871,1.3779296875,2001.29230722,0.27444229008,892576.369019,179.904,0.403372,104386,0.0042726,582,0.00172345,0.05,0.034469,163,142,446,142,1.37793,0.204979,1318.37550383,-3.24888,40.9708,26.2048171696,39.3961561291,101.976132444,0.277951,0.338295,1.50339
571,4329.0000009,4329,2319.18383789,2320.35717773,1.17333984375,2319.88866781,0.27750384695,10042798.043,2028.18,0.46851,309984,0.0139652,573,0.00654285,0.05,0.130857,272,420,4329,420,1.17334,0.0560248,8381.5438579,-0.593902,103.304,67.4551718943,102.691968886,131.009086902,0.308389,0.516492,1.52237
574,2593.00000054,2593,2327.43334961,2328.25244141,0.81909179688,2327.8275855,0.21658089634,6036056.9292,1101.65,0.424855,49182,0.0527225,571,0.0223995,0.05,0.44799,395,270,2593,270,0.819092,0.0505337,4552.00258417,-0.559198,76.1301,47.2420349062,74.3484556271,130.855376259,0.446977,0.569639,1.57378
575,289.00000006,289,2335.75732422,2336.1184082,0.36108398438,2335.910876,0.0823207695,675078.243164,59.9768,0.207532,21133,0.0136753,567,0.00283806,0.05,0.0567612,205,114,289,114,0.361084,0.0667282,1112.46231235,-4.3218,37.6355,11.669768856,37.6429509017,50.5275401514,0.279446,0.259784,3.22568
576,888.000000185,888,2019.13549805,2021.52587891,2.39038085938,2020.49152972,0.6566523528,1794196.47839,918.502,1.03435,143704,0.00617937,582,0.00639162,0.05,0.127832,269,182,888,182,2.39038,0.252006,2622.96159884,-3.69482,57.7898,28.2842712475,55.8614357137,135,0.336884,0.338549,1.975
586,208.000000043,208,1926.83837891,1927.1829834,0.34460449219,1927.05189279,0.07315190139,400826.793701,27.2668,0.13109,112041,0.00185646,588,0.000243364,0.05,0.00486728,48,100,208,100,0.344604,0.0750652,625.710983024,-2.49519,28.2255,12.5394807979,26.7176437457,175.91438322,0.261381,0.332422,2.13068
