<metadata xml:lang="en"><Esri><CreaDate>20240611</CreaDate><CreaTime>11571300</CreaTime><ArcGISFormat>1.0</ArcGISFormat><SyncOnce>FALSE</SyncOnce><DataProperties><itemProps><itemName Sync="TRUE">NHDPoint_Spring_AZHU_UTM12N</itemName><imsContentType Sync="TRUE">002</imsContentType><itemLocation><linkage Sync="TRUE">file://\\869S7Y3\C$\Users\rl587\Documents\GitHub\Arizona-Karst\Data\Input\NHDPoint_Spring_AZHU_UTM12N.shp</linkage><protocol Sync="TRUE">Local Area Network</protocol></itemLocation><itemSize Sync="TRUE">0.000</itemSize></itemProps><coordRef><type Sync="TRUE">Projected</type><geogcsn Sync="TRUE">GCS_NAD_1983_2011</geogcsn><csUnits Sync="TRUE">Linear Unit: Meter (1.000000)</csUnits><peXml Sync="TRUE">&lt;ProjectedCoordinateSystem xsi:type='typens:ProjectedCoordinateSystem' xmlns:xsi='http://www.w3.org/2001/XMLSchema-instance' xmlns:xs='http://www.w3.org/2001/XMLSchema' xmlns:typens='http://www.esri.com/schemas/ArcGIS/3.2.0'&gt;&lt;WKT&gt;PROJCS[&amp;quot;NAD_1983_2011_UTM_Zone_12N&amp;quot;,GEOGCS[&amp;quot;GCS_NAD_1983_2011&amp;quot;,DATUM[&amp;quot;D_NAD_1983_2011&amp;quot;,SPHEROID[&amp;quot;GRS_1980&amp;quot;,6378137.0,298.257222101]],PRIMEM[&amp;quot;Greenwich&amp;quot;,0.0],UNIT[&amp;quot;Degree&amp;quot;,0.0174532925199433]],PROJECTION[&amp;quot;Transverse_Mercator&amp;quot;],PARAMETER[&amp;quot;False_Easting&amp;quot;,500000.0],PARAMETER[&amp;quot;False_Northing&amp;quot;,0.0],PARAMETER[&amp;quot;Central_Meridian&amp;quot;,-111.0],PARAMETER[&amp;quot;Scale_Factor&amp;quot;,0.9996],PARAMETER[&amp;quot;Latitude_Of_Origin&amp;quot;,0.0],UNIT[&amp;quot;Meter&amp;quot;,1.0],AUTHORITY[&amp;quot;EPSG&amp;quot;,6341]]&lt;/WKT&gt;&lt;XOrigin&gt;-5120900&lt;/XOrigin&gt;&lt;YOrigin&gt;-9998100&lt;/YOrigin&gt;&lt;XYScale&gt;450445547.3910538&lt;/XYScale&gt;&lt;ZOrigin&gt;-100000&lt;/ZOrigin&gt;&lt;ZScale&gt;10000&lt;/ZScale&gt;&lt;MOrigin&gt;-100000&lt;/MOrigin&gt;&lt;MScale&gt;10000&lt;/MScale&gt;&lt;XYTolerance&gt;0.001&lt;/XYTolerance&gt;&lt;ZTolerance&gt;0.001&lt;/ZTolerance&gt;&lt;MTolerance&gt;0.001&lt;/MTolerance&gt;&lt;HighPrecision&gt;true&lt;/HighPrecision&gt;&lt;WKID&gt;102059&lt;/WKID&gt;&lt;LatestWKID&gt;6341&lt;/LatestWKID&gt;&lt;/ProjectedCoordinateSystem&gt;</peXml><projcsn Sync="TRUE">NAD_1983_2011_UTM_Zone_12N</projcsn></coordRef><lineage><Process ToolSource="c:\program files\arcgis\pro\Resources\ArcToolbox\toolboxes\Conversion Tools.tbx\ExportFeatures" Date="20240610" Time="171218">ExportFeatures NHDPoint C:\Users\rl587\Documents\ArcGIS\Projects\Arizona_Springs\Arizona_Springs.gdb\NHDPoint_Springs # NOT_USE_ALIAS "permanent_identifier "Permanent_Identifier" true true false 40 Text 0 0,First,#,NHDPoint,permanent_identifier,0,39;fdate "FDate" true true false 8 Date 0 0,First,#,NHDPoint,fdate,-1,-1;resolution "Resolution" true true false 4 Long 0 0,First,#,NHDPoint,resolution,-1,-1;gnis_id "GNIS_ID" true true false 10 Text 0 0,First,#,NHDPoint,gnis_id,0,9;gnis_name "GNIS_Name" true true false 65 Text 0 0,First,#,NHDPoint,gnis_name,0,64;reachcode "ReachCode" true true false 14 Text 0 0,First,#,NHDPoint,reachcode,0,13;ftype "FType" true true false 4 Long 0 0,First,#,NHDPoint,ftype,-1,-1;fcode "FCode" true true false 4 Long 0 0,First,#,NHDPoint,fcode,-1,-1" #</Process><Process ToolSource="c:\program files\arcgis\pro\Resources\ArcToolbox\toolboxes\Conversion Tools.tbx\ExportFeatures" Date="20240610" Time="171733">ExportFeatures NHDPoint_Springs C:\Users\rl587\Documents\ArcGIS\Projects\Arizona_Springs\Arizona_Springs.gdb\NHDPoint_Springs_AZ # NOT_USE_ALIAS "permanent_identifier "Permanent_Identifier" true true false 40 Text 0 0,First,#,NHDPoint_Springs,permanent_identifier,0,39;fdate "FDate" true true false 8 Date 0 0,First,#,NHDPoint_Springs,fdate,-1,-1;resolution "Resolution" true true false 4 Long 0 0,First,#,NHDPoint_Springs,resolution,-1,-1;gnis_id "GNIS_ID" true true false 10 Text 0 0,First,#,NHDPoint_Springs,gnis_id,0,9;gnis_name "GNIS_Name" true true false 65 Text 0 0,First,#,NHDPoint_Springs,gnis_name,0,64;reachcode "ReachCode" true true false 14 Text 0 0,First,#,NHDPoint_Springs,reachcode,0,13;ftype "FType" true true false 4 Long 0 0,First,#,NHDPoint_Springs,ftype,-1,-1;fcode "FCode" true true false 4 Long 0 0,First,#,NHDPoint_Springs,fcode,-1,-1" #</Process><Process ToolSource="c:\program files\arcgis\pro\Resources\ArcToolbox\toolboxes\Data Management Tools.tbx\Merge" Date="20240610" Time="172728">Merge NHDPoint_Springs_AZ;NHDPoint_Springs_CA;NHDPoint_Springs_CO;NHDPoint_Springs_NM;NHDPoint_Springs_NV;NHDPoint_Springs_UT C:\Users\rl587\Documents\ArcGIS\Projects\Arizona_Springs\Arizona_Springs.gdb\NHDPoint_Springs_All_states "permanent_identifier "Permanent_Identifier" true true false 40 Text 0 0,First,#,NHDPoint_Springs_AZ,permanent_identifier,0,39,NHDPoint_Springs_CA,permanent_identifier,0,39,NHDPoint_Springs_CO,permanent_identifier,0,39,NHDPoint_Springs_NM,permanent_identifier,0,39,NHDPoint_Springs_NV,permanent_identifier,0,39,NHDPoint_Springs_UT,permanent_identifier,0,39;fdate "FDate" true true false 8 Date 0 0,First,#,NHDPoint_Springs_AZ,fdate,-1,-1,NHDPoint_Springs_CA,fdate,-1,-1,NHDPoint_Springs_CO,fdate,-1,-1,NHDPoint_Springs_NM,fdate,-1,-1,NHDPoint_Springs_NV,fdate,-1,-1,NHDPoint_Springs_UT,fdate,-1,-1;resolution "Resolution" true true false 4 Long 0 0,First,#,NHDPoint_Springs_AZ,resolution,-1,-1,NHDPoint_Springs_CA,resolution,-1,-1,NHDPoint_Springs_CO,resolution,-1,-1,NHDPoint_Springs_NM,resolution,-1,-1,NHDPoint_Springs_NV,resolution,-1,-1,NHDPoint_Springs_UT,resolution,-1,-1;gnis_id "GNIS_ID" true true false 10 Text 0 0,First,#,NHDPoint_Springs_AZ,gnis_id,0,9,NHDPoint_Springs_CA,gnis_id,0,9,NHDPoint_Springs_CO,gnis_id,0,9,NHDPoint_Springs_NM,gnis_id,0,9,NHDPoint_Springs_NV,gnis_id,0,9,NHDPoint_Springs_UT,gnis_id,0,9;gnis_name "GNIS_Name" true true false 65 Text 0 0,First,#,NHDPoint_Springs_AZ,gnis_name,0,64,NHDPoint_Springs_CA,gnis_name,0,64,NHDPoint_Springs_CO,gnis_name,0,64,NHDPoint_Springs_NM,gnis_name,0,64,NHDPoint_Springs_NV,gnis_name,0,64,NHDPoint_Springs_UT,gnis_name,0,64;reachcode "ReachCode" true true false 14 Text 0 0,First,#,NHDPoint_Springs_AZ,reachcode,0,13,NHDPoint_Springs_CA,reachcode,0,13,NHDPoint_Springs_CO,reachcode,0,13,NHDPoint_Springs_NM,reachcode,0,13,NHDPoint_Springs_NV,reachcode,0,13,NHDPoint_Springs_UT,reachcode,0,13;ftype "FType" true true false 4 Long 0 0,First,#,NHDPoint_Springs_AZ,ftype,-1,-1,NHDPoint_Springs_CA,ftype,-1,-1,NHDPoint_Springs_CO,ftype,-1,-1,NHDPoint_Springs_NM,ftype,-1,-1,NHDPoint_Springs_NV,ftype,-1,-1,NHDPoint_Springs_UT,ftype,-1,-1;fcode "FCode" true true false 4 Long 0 0,First,#,NHDPoint_Springs_AZ,fcode,-1,-1,NHDPoint_Springs_CA,fcode,-1,-1,NHDPoint_Springs_CO,fcode,-1,-1,NHDPoint_Springs_NM,fcode,-1,-1,NHDPoint_Springs_NV,fcode,-1,-1,NHDPoint_Springs_UT,fcode,-1,-1;STATE "STATE" true true false 255 Text 0 0,First,#" NO_SOURCE_INFO</Process><Process ToolSource="c:\program files\arcgis\pro\Resources\ArcToolbox\toolboxes\Analysis Tools.tbx\PairwiseClip" Date="20240610" Time="172829">PairwiseClip NHDPoint_Springs_All_states AZHUC8p_bound C:\Users\rl587\Documents\ArcGIS\Projects\Arizona_Springs\Arizona_Springs.gdb\NHDPoint_Spring_AZHUC8p #</Process><Process ToolSource="c:\program files\arcgis\pro\Resources\ArcToolbox\toolboxes\Data Management Tools.tbx\Project" Date="20240611" Time="115713">Project NHDPoint_Spring_AZHUC8p C:\Users\rl587\Documents\ArcGIS\Projects\Arizona_Springs\Arizona_Springs.gdb\NHDPoint_Spring_AZHU_UTM12N PROJCS["NAD_1983_2011_UTM_Zone_12N",GEOGCS["GCS_NAD_1983_2011",DATUM["D_NAD_1983_2011",SPHEROID["GRS_1980",6378137.0,298.257222101]],PRIMEM["Greenwich",0.0],UNIT["Degree",0.0174532925199433]],PROJECTION["Transverse_Mercator"],PARAMETER["False_Easting",500000.0],PARAMETER["False_Northing",0.0],PARAMETER["Central_Meridian",-111.0],PARAMETER["Scale_Factor",0.9996],PARAMETER["Latitude_Of_Origin",0.0],UNIT["Meter",1.0]] 'WGS_1984_(ITRF00)_To_NAD_1983 + WGS_1984_(ITRF08)_To_NAD_1983_2011' GEOGCS["GCS_North_American_1983",DATUM["D_North_American_1983",SPHEROID["GRS_1980",6378137.0,298.257222101]],PRIMEM["Greenwich",0.0],UNIT["Degree",0.0174532925199433]],VERTCS["NAVD_1988",VDATUM["North_American_Vertical_Datum_1988"],PARAMETER["Vertical_Shift",0.0],PARAMETER["Direction",1.0],UNIT["Meter",1.0]] NO_PRESERVE_SHAPE # NO_VERTICAL</Process><Process ToolSource="c:\program files\arcgis\pro\Resources\ArcToolbox\toolboxes\Data Management Tools.tbx\CopyFeatures" Date="20240611" Time="115824">CopyFeatures NHDPoint_Spring_AZHU_UTM12N C:\Users\rl587\Documents\GitHub\Arizona-Karst\Data\Input\NHDPoint_Spring_AZHU_UTM12N.shp # # # #</Process></lineage></DataProperties><SyncDate>20240611</SyncDate><SyncTime>11582400</SyncTime><ModDate>20240611</ModDate><ModTime>11582400</ModTime></Esri><dataIdInfo><envirDesc Sync="TRUE">Microsoft Windows 10 Version 10.0 (Build 19045) ; Esri ArcGIS 13.2.2.49743</envirDesc><dataLang><languageCode value="eng" Sync="TRUE"></languageCode><countryCode value="USA" Sync="TRUE"></countryCode></dataLang><idCitation><resTitle Sync="TRUE">NHDPoint_Spring_AZHU_UTM12N</resTitle><presForm><PresFormCd value="005" Sync="TRUE"></PresFormCd></presForm></idCitation><spatRpType><SpatRepTypCd value="001" Sync="TRUE"></SpatRepTypCd></spatRpType></dataIdInfo><mdLang><languageCode value="eng" Sync="TRUE"></languageCode><countryCode value="USA" Sync="TRUE"></countryCode></mdLang><distInfo><distFormat><formatName Sync="TRUE">Shapefile</formatName></distFormat><distTranOps><transSize Sync="TRUE">0.000</transSize></distTranOps></distInfo><mdHrLv><ScopeCd value="005" Sync="TRUE"></ScopeCd></mdHrLv><mdHrLvName Sync="TRUE">dataset</mdHrLvName><refSysInfo><RefSystem><refSysID><identCode code="6341" Sync="TRUE"></identCode><idCodeSpace Sync="TRUE">EPSG</idCodeSpace><idVersion Sync="TRUE">8.2.2(10.2.1)</idVersion></refSysID></RefSystem></refSysInfo><spatRepInfo><VectSpatRep><geometObjs Name="NHDPoint_Spring_AZHU_UTM12N"><geoObjTyp><GeoObjTypCd value="004" Sync="TRUE"></GeoObjTypCd></geoObjTyp><geoObjCnt Sync="TRUE">0</geoObjCnt></geometObjs><topLvl><TopoLevCd value="001" Sync="TRUE"></TopoLevCd></topLvl></VectSpatRep></spatRepInfo><spdoinfo><ptvctinf><esriterm Name="NHDPoint_Spring_AZHU_UTM12N"><efeatyp Sync="TRUE">Simple</efeatyp><efeageom code="1" Sync="TRUE"></efeageom><esritopo Sync="TRUE">FALSE</esritopo><efeacnt Sync="TRUE">0</efeacnt><spindex Sync="TRUE">FALSE</spindex><linrefer Sync="TRUE">TRUE</linrefer></esriterm></ptvctinf></spdoinfo><eainfo><detailed Name="NHDPoint_Spring_AZHU_UTM12N"><enttyp><enttypl Sync="TRUE">NHDPoint_Spring_AZHU_UTM12N</enttypl><enttypt Sync="TRUE">Feature Class</enttypt><enttypc Sync="TRUE">0</enttypc></enttyp><attr><attrlabl Sync="TRUE">Shape</attrlabl><attalias Sync="TRUE">Shape</attalias><attrtype Sync="TRUE">Geometry</attrtype><attwidth Sync="TRUE">0</attwidth><atprecis Sync="TRUE">0</atprecis><attscale Sync="TRUE">0</attscale><attrdef Sync="TRUE">Feature geometry.</attrdef><attrdefs Sync="TRUE">Esri</attrdefs><attrdomv><udom Sync="TRUE">Coordinates defining the features.</udom></attrdomv></attr><attr><attrlabl Sync="TRUE">fdate</attrlabl><attalias Sync="TRUE">fdate</attalias><attrtype Sync="TRUE">Date</attrtype><attwidth Sync="TRUE">8</attwidth><atprecis Sync="TRUE">0</atprecis><attscale Sync="TRUE">0</attscale></attr><attr><attrlabl Sync="TRUE">resolution</attrlabl><attalias Sync="TRUE">resolution</attalias><attrtype Sync="TRUE">Integer</attrtype><attwidth Sync="TRUE">10</attwidth><atprecis Sync="TRUE">10</atprecis><attscale Sync="TRUE">0</attscale></attr><attr><attrlabl Sync="TRUE">gnis_id</attrlabl><attalias Sync="TRUE">gnis_id</attalias><attrtype Sync="TRUE">String</attrtype><attwidth Sync="TRUE">10</attwidth><atprecis Sync="TRUE">0</atprecis><attscale Sync="TRUE">0</attscale></attr><attr><attrlabl Sync="TRUE">gnis_name</attrlabl><attalias Sync="TRUE">gnis_name</attalias><attrtype Sync="TRUE">String</attrtype><attwidth Sync="TRUE">65</attwidth><atprecis Sync="TRUE">0</atprecis><attscale Sync="TRUE">0</attscale></attr><attr><attrlabl Sync="TRUE">reachcode</attrlabl><attalias Sync="TRUE">reachcode</attalias><attrtype Sync="TRUE">String</attrtype><attwidth Sync="TRUE">14</attwidth><atprecis Sync="TRUE">0</atprecis><attscale Sync="TRUE">0</attscale></attr><attr><attrlabl Sync="TRUE">ftype</attrlabl><attalias Sync="TRUE">ftype</attalias><attrtype Sync="TRUE">Integer</attrtype><attwidth Sync="TRUE">10</attwidth><atprecis Sync="TRUE">10</atprecis><attscale Sync="TRUE">0</attscale></attr><attr><attrlabl Sync="TRUE">fcode</attrlabl><attalias Sync="TRUE">fcode</attalias><attrtype Sync="TRUE">Integer</attrtype><attwidth Sync="TRUE">10</attwidth><atprecis Sync="TRUE">10</atprecis><attscale Sync="TRUE">0</attscale></attr><subtype><stname Sync="TRUE">Reservoir</stname><stcode Sync="TRUE">436</stcode><stfield><stfldnm Sync="TRUE">resolution</stfldnm><stflddd><domname Sync="TRUE">Resolution</domname><domdesc Sync="TRUE"></domdesc><domtype Sync="TRUE">Coded Value</domtype><mrgtype Sync="TRUE">Default value</mrgtype><splttype Sync="TRUE">Duplicate</splttype><domowner Sync="TRUE"></domowner><domfldtp Sync="TRUE">Integer</domfldtp></stflddd></stfield><stfield><stfldnm Sync="TRUE">fcode</stfldnm><stflddv Sync="TRUE">43600</stflddv><stflddd><domname Sync="TRUE">Reservoir FCode</domname><domdesc Sync="TRUE"></domdesc><domtype Sync="TRUE">Coded Value</domtype><mrgtype Sync="TRUE">Default value</mrgtype><splttype Sync="TRUE">Duplicate</splttype><domowner Sync="TRUE"></domowner><domfldtp Sync="TRUE">Integer</domfldtp></stflddd></stfield></subtype><subtype><stname Sync="TRUE">SinkRise</stname><stcode Sync="TRUE">450</stcode><stfield><stfldnm Sync="TRUE">resolution</stfldnm><stflddd><domname Sync="TRUE">Resolution</domname><domdesc Sync="TRUE"></domdesc><domtype Sync="TRUE">Coded Value</domtype><mrgtype Sync="TRUE">Default value</mrgtype><splttype Sync="TRUE">Duplicate</splttype><domowner Sync="TRUE"></domowner><domfldtp Sync="TRUE">Integer</domfldtp></stflddd></stfield><stfield><stfldnm Sync="TRUE">fcode</stfldnm><stflddv Sync="TRUE">45000</stflddv><stflddd><domname Sync="TRUE">SinkRise FCode</domname><domdesc Sync="TRUE"></domdesc><domtype Sync="TRUE">Coded Value</domtype><mrgtype Sync="TRUE">Default value</mrgtype><splttype Sync="TRUE">Duplicate</splttype><domowner Sync="TRUE"></domowner><domfldtp Sync="TRUE">Integer</domfldtp></stflddd></stfield></subtype><subtype><stname Sync="TRUE">Waterfall</stname><stcode Sync="TRUE">487</stcode><stfield><stfldnm Sync="TRUE">resolution</stfldnm><stflddd><domname Sync="TRUE">Resolution</domname><domdesc Sync="TRUE"></domdesc><domtype Sync="TRUE">Coded Value</domtype><mrgtype Sync="TRUE">Default value</mrgtype><splttype Sync="TRUE">Duplicate</splttype><domowner Sync="TRUE"></domowner><domfldtp Sync="TRUE">Integer</domfldtp></stflddd></stfield><stfield><stfldnm Sync="TRUE">fcode</stfldnm><stflddv Sync="TRUE">48700</stflddv><stflddd><domname Sync="TRUE">Waterfall FCode</domname><domdesc Sync="TRUE"></domdesc><domtype Sync="TRUE">Coded Value</domtype><mrgtype Sync="TRUE">Default value</mrgtype><splttype Sync="TRUE">Duplicate</splttype><domowner Sync="TRUE"></domowner><domfldtp Sync="TRUE">Integer</domfldtp></stflddd></stfield></subtype><subtype><stname Sync="TRUE">Lock Chamber</stname><stcode Sync="TRUE">398</stcode><stfield><stfldnm Sync="TRUE">resolution</stfldnm><stflddd><domname Sync="TRUE">Resolution</domname><domdesc Sync="TRUE"></domdesc><domtype Sync="TRUE">Coded Value</domtype><mrgtype Sync="TRUE">Default value</mrgtype><splttype Sync="TRUE">Duplicate</splttype><domowner Sync="TRUE"></domowner><domfldtp Sync="TRUE">Integer</domfldtp></stflddd></stfield><stfield><stfldnm Sync="TRUE">fcode</stfldnm><stflddv Sync="TRUE">39800</stflddv><stflddd><domname Sync="TRUE">Lock Chamber FCode</domname><domdesc Sync="TRUE"></domdesc><domtype Sync="TRUE">Coded Value</domtype><mrgtype Sync="TRUE">Default value</mrgtype><splttype Sync="TRUE">Duplicate</splttype><domowner Sync="TRUE"></domowner><domfldtp Sync="TRUE">Integer</domfldtp></stflddd></stfield></subtype><attr><attrlabl Sync="TRUE">FID</attrlabl><attalias Sync="TRUE">FID</attalias><attrtype Sync="TRUE">OID</attrtype><attwidth Sync="TRUE">4</attwidth><atprecis Sync="TRUE">0</atprecis><attscale Sync="TRUE">0</attscale><attrdef Sync="TRUE">Internal feature number.</attrdef><attrdefs Sync="TRUE">Esri</attrdefs><attrdomv><udom Sync="TRUE">Sequential unique whole numbers that are automatically generated.</udom></attrdomv></attr><subtype><stname Sync="TRUE">DamWeir</stname><stcode Sync="TRUE">343</stcode><stfield><stfldnm Sync="TRUE">resolution</stfldnm><stflddd><domname Sync="TRUE">Resolution</domname><domdesc Sync="TRUE"></domdesc><domtype Sync="TRUE">Coded Value</domtype><mrgtype Sync="TRUE">Default value</mrgtype><splttype Sync="TRUE">Duplicate</splttype><domowner Sync="TRUE"></domowner><domfldtp Sync="TRUE">Integer</domfldtp></stflddd></stfield><stfield><stfldnm Sync="TRUE">fcode</stfldnm><stflddv Sync="TRUE">34305</stflddv><stflddd><domname Sync="TRUE">DamWeir FCode</domname><domdesc Sync="TRUE"></domdesc><domtype Sync="TRUE">Coded Value</domtype><mrgtype Sync="TRUE">Default value</mrgtype><splttype Sync="TRUE">Duplicate</splttype><domowner Sync="TRUE"></domowner><domfldtp Sync="TRUE">Integer</domfldtp></stflddd></stfield></subtype><attr><attrlabl Sync="TRUE">permanent_</attrlabl><attalias Sync="TRUE">permanent_</attalias><attrtype Sync="TRUE">String</attrtype><attwidth Sync="TRUE">40</attwidth><atprecis Sync="TRUE">0</atprecis><attscale Sync="TRUE">0</attscale></attr><subtype><stname Sync="TRUE">SpringSeep</stname><stcode Sync="TRUE">458</stcode><stfield><stfldnm Sync="TRUE">resolution</stfldnm><stflddd><domname Sync="TRUE">Resolution</domname><domdesc Sync="TRUE"></domdesc><domtype Sync="TRUE">Coded Value</domtype><mrgtype Sync="TRUE">Default value</mrgtype><splttype Sync="TRUE">Duplicate</splttype><domowner Sync="TRUE"></domowner><domfldtp Sync="TRUE">Integer</domfldtp></stflddd></stfield><stfield><stfldnm Sync="TRUE">fcode</stfldnm><stflddv Sync="TRUE">45800</stflddv><stflddd><domname Sync="TRUE">SpringSeep FCode</domname><domdesc Sync="TRUE"></domdesc><domtype Sync="TRUE">Coded Value</domtype><mrgtype Sync="TRUE">Default value</mrgtype><splttype Sync="TRUE">Duplicate</splttype><domowner Sync="TRUE"></domowner><domfldtp Sync="TRUE">Integer</domfldtp></stflddd></stfield></subtype><subtype><stname Sync="TRUE">Gaging Station</stname><stcode Sync="TRUE">367</stcode><stfield><stfldnm Sync="TRUE">resolution</stfldnm><stflddd><domname Sync="TRUE">Resolution</domname><domdesc Sync="TRUE"></domdesc><domtype Sync="TRUE">Coded Value</domtype><mrgtype Sync="TRUE">Default value</mrgtype><splttype Sync="TRUE">Duplicate</splttype><domowner Sync="TRUE"></domowner><domfldtp Sync="TRUE">Integer</domfldtp></stflddd></stfield><stfield><stfldnm Sync="TRUE">fcode</stfldnm><stflddv Sync="TRUE">36700</stflddv><stflddd><domname Sync="TRUE">Gaging Station FCode_5</domname><domdesc Sync="TRUE"></domdesc><domtype Sync="TRUE">Coded Value</domtype><mrgtype Sync="TRUE">Default value</mrgtype><splttype Sync="TRUE">Duplicate</splttype><domowner Sync="TRUE"></domowner><domfldtp Sync="TRUE">Integer</domfldtp></stflddd></stfield></subtype><subtype><stname Sync="TRUE">Rapids</stname><stcode Sync="TRUE">431</stcode><stfield><stfldnm Sync="TRUE">resolution</stfldnm><stflddd><domname Sync="TRUE">Resolution</domname><domdesc Sync="TRUE"></domdesc><domtype Sync="TRUE">Coded Value</domtype><mrgtype Sync="TRUE">Default value</mrgtype><splttype Sync="TRUE">Duplicate</splttype><domowner Sync="TRUE"></domowner><domfldtp Sync="TRUE">Integer</domfldtp></stflddd></stfield><stfield><stfldnm Sync="TRUE">fcode</stfldnm><stflddv Sync="TRUE">43100</stflddv><stflddd><domname Sync="TRUE">Rapids FCode</domname><domdesc Sync="TRUE"></domdesc><domtype Sync="TRUE">Coded Value</domtype><mrgtype Sync="TRUE">Default value</mrgtype><splttype Sync="TRUE">Duplicate</splttype><domowner Sync="TRUE"></domowner><domfldtp Sync="TRUE">Integer</domfldtp></stflddd></stfield></subtype><subtype><stname Sync="TRUE">Water IntakeOutflow</stname><stcode Sync="TRUE">485</stcode><stfield><stfldnm Sync="TRUE">resolution</stfldnm><stflddd><domname Sync="TRUE">Resolution</domname><domdesc Sync="TRUE"></domdesc><domtype Sync="TRUE">Coded Value</domtype><mrgtype Sync="TRUE">Default value</mrgtype><splttype Sync="TRUE">Duplicate</splttype><domowner Sync="TRUE"></domowner><domfldtp Sync="TRUE">Integer</domfldtp></stflddd></stfield><stfield><stfldnm Sync="TRUE">fcode</stfldnm><stflddv Sync="TRUE">48500</stflddv><stflddd><domname Sync="TRUE">Water IntakeOutflow FCode</domname><domdesc Sync="TRUE"></domdesc><domtype Sync="TRUE">Coded Value</domtype><mrgtype Sync="TRUE">Default value</mrgtype><splttype Sync="TRUE">Duplicate</splttype><domowner Sync="TRUE"></domowner><domfldtp Sync="TRUE">Integer</domfldtp></stflddd></stfield></subtype><subtype><stname Sync="TRUE">Gate</stname><stcode Sync="TRUE">369</stcode><stfield><stfldnm Sync="TRUE">resolution</stfldnm><stflddd><domname Sync="TRUE">Resolution</domname><domdesc Sync="TRUE"></domdesc><domtype Sync="TRUE">Coded Value</domtype><mrgtype Sync="TRUE">Default value</mrgtype><splttype Sync="TRUE">Duplicate</splttype><domowner Sync="TRUE"></domowner><domfldtp Sync="TRUE">Integer</domfldtp></stflddd></stfield><stfield><stfldnm Sync="TRUE">fcode</stfldnm><stflddv Sync="TRUE">36900</stflddv><stflddd><domname Sync="TRUE">Gate FCode</domname><domdesc Sync="TRUE"></domdesc><domtype Sync="TRUE">Coded Value</domtype><mrgtype Sync="TRUE">Default value</mrgtype><splttype Sync="TRUE">Duplicate</splttype><domowner Sync="TRUE"></domowner><domfldtp Sync="TRUE">Integer</domfldtp></stflddd></stfield></subtype><subtype><stname Sync="TRUE">Rock</stname><stcode Sync="TRUE">441</stcode><stfield><stfldnm Sync="TRUE">resolution</stfldnm><stflddd><domname Sync="TRUE">Resolution</domname><domdesc Sync="TRUE"></domdesc><domtype Sync="TRUE">Coded Value</domtype><mrgtype Sync="TRUE">Default value</mrgtype><splttype Sync="TRUE">Duplicate</splttype><domowner Sync="TRUE"></domowner><domfldtp Sync="TRUE">Integer</domfldtp></stflddd></stfield><stfield><stfldnm Sync="TRUE">fcode</stfldnm><stflddv Sync="TRUE">44101</stflddv><stflddd><domname Sync="TRUE">Rock FCode</domname><domdesc Sync="TRUE"></domdesc><domtype Sync="TRUE">Coded Value</domtype><mrgtype Sync="TRUE">Default value</mrgtype><splttype Sync="TRUE">Duplicate</splttype><domowner Sync="TRUE"></domowner><domfldtp Sync="TRUE">Integer</domfldtp></stflddd></stfield></subtype><subtype><stname Sync="TRUE">Well</stname><stcode Sync="TRUE">488</stcode><stfield><stfldnm Sync="TRUE">resolution</stfldnm><stflddd><domname Sync="TRUE">Resolution</domname><domdesc Sync="TRUE"></domdesc><domtype Sync="TRUE">Coded Value</domtype><mrgtype Sync="TRUE">Default value</mrgtype><splttype Sync="TRUE">Duplicate</splttype><domowner Sync="TRUE"></domowner><domfldtp Sync="TRUE">Integer</domfldtp></stflddd></stfield><stfield><stfldnm Sync="TRUE">fcode</stfldnm><stflddv Sync="TRUE">48800</stflddv><stflddd><domname Sync="TRUE">Well FCode</domname><domdesc Sync="TRUE"></domdesc><domtype Sync="TRUE">Coded Value</domtype><mrgtype Sync="TRUE">Default value</mrgtype><splttype Sync="TRUE">Duplicate</splttype><domowner Sync="TRUE"></domowner><domfldtp Sync="TRUE">Integer</domfldtp></stflddd></stfield></subtype><attr><attrlabl Sync="TRUE">STATE</attrlabl><attalias Sync="TRUE">STATE</attalias><attrtype Sync="TRUE">String</attrtype><attwidth Sync="TRUE">254</attwidth><atprecis Sync="TRUE">0</atprecis><attscale Sync="TRUE">0</attscale></attr></detailed></eainfo><mdDateSt Sync="TRUE">20240611</mdDateSt></metadata>
